model,seed,epoch,lr,train_opt_loss_z,train_global_mse_z,train_airfoil_mse_z,val_opt_loss_z,val_global_mse_z,val_airfoil_mse_z
full_bagnn,2,1,0.0001,0.35574107530747395,0.36701342685099086,0.28244705111659635,0.19387960480111976,0.20626905953313654,0.11336400708461747
full_bagnn,2,2,0.0001,0.212766986705033,0.22221621805140637,0.15131641845325697,0.15610605681507372,0.16676432149523693,0.08683258070348963
full_bagnn,2,3,0.0001,0.18243771063875494,0.19179660248206606,0.12157298113685125,0.146154593313551,0.15503300338052745,0.08845299877374752
full_bagnn,2,4,0.0001,0.1615181730911802,0.17066516753910957,0.10203181063737865,0.1280973916915561,0.13811254447618201,0.06298888935968895
full_bagnn,2,5,0.0001,0.1465680123269899,0.15525651984086283,0.09006136462605524,0.12291282723683832,0.13270360120455107,0.05926655200426478
full_bagnn,2,6,0.0001,0.13902326327242187,0.14752102616052615,0.08375734059546831,0.15155557786911888,0.16671027617361123,0.053038644626665875
full_bagnn,2,7,0.0001,0.1278760630982,0.1355647087120264,0.07787187682071064,0.09718734893738418,0.10361816121396727,0.055355361513300345
full_bagnn,2,8,0.0001,0.12168001775128233,0.128988099740424,0.07415265507625955,0.1045715741799808,0.11245820102327587,0.053278711868764705
full_bagnn,2,9,0.0001,0.11440291235663777,0.12126838857283231,0.0697527759579705,0.09568384051959497,0.10285472045753198,0.04904110660177666
full_bagnn,2,10,0.0001,0.1101092986127626,0.11673967441266615,0.06698806170860798,0.09891651042491573,0.10635508861499,0.05053281441122819
full_bagnn,2,11,0.0001,0.10704203040742954,0.11335389784164987,0.06599228470225083,0.08718347453937547,0.09227497574924308,0.05407183374197572
full_bagnn,2,12,0.0001,0.10281893913892451,0.10898240339075918,0.06273408225994069,0.08228328807631446,0.08794358339153352,0.04548104490244667
full_bagnn,2,13,0.0001,0.10005167928925486,0.10603288200217383,0.06115237491143555,0.08883160517807709,0.09528561124021838,0.046859908072643716
full_bagnn,2,14,0.0001,0.09717774067198728,0.10279833124212102,0.060622011027450275,0.08118816039507977,0.0867973630030085,0.04470048438126164
full_bagnn,2,15,0.0001,0.09427915697031235,0.09993026090239217,0.05752486049384926,0.07756829539601055,0.08286145461718078,0.04313164980307719
full_bagnn,2,16,0.0001,0.09385136038527338,0.09950004295276449,0.05711460750182217,0.09750917942949949,0.10524756313783175,0.04716676415653344
full_bagnn,2,17,0.0001,0.09067641131488965,0.09598815481756415,0.05613065391377994,0.07377991199922718,0.07871533997416212,0.0416767116604309
full_bagnn,2,18,0.0001,0.08865670832456,0.0938156794323844,0.05510293847214437,0.07551742644148178,0.08039479484049439,0.04379743093191568
full_bagnn,2,19,0.0001,0.08689408477890903,0.09203900809359797,0.05343395279716905,0.07329385151768392,0.07809738306225956,0.04204729359693006
full_bagnn,2,20,0.0001,0.0853960964382204,0.0904242848999503,0.05269414407465455,0.07416770722843043,0.07885516658956855,0.043678974411131055
full_bagnn,2,21,0.0001,0.08450621712075455,0.08947863007140602,0.05216580252505082,0.06893762936562427,0.07300743627183741,0.04244689569756569
full_bagnn,2,22,0.0001,0.08290929929061569,0.08773067294222783,0.051552167396261825,0.06907226715322726,0.0738540906181899,0.0379559398200403
full_bagnn,2,23,0.0001,0.08232669105819722,0.08717412802695396,0.05080128710308671,0.06966327702504357,0.07446989820372865,0.03837231691611001
full_bagnn,2,24,0.0001,0.08081611633538428,0.08562304984920159,0.04955244500740543,0.06772467868208061,0.07244741106985075,0.0370146725298885
full_bagnn,2,25,0.0001,0.08005310148731701,0.0847799107999915,0.049310908868442124,0.07496268804514143,0.07969416534526147,0.04416951190675943
full_bagnn,2,26,0.0001,0.07841364728857933,0.0830406756711579,0.048319739445647124,0.06629807272875798,0.07077882814757547,0.03714889224613742
full_bagnn,2,27,0.0001,0.07746722817324952,0.08200080277788821,0.0479816366751966,0.06928950434287369,0.07323514853908515,0.04361734199953222
full_bagnn,2,28,0.0001,0.07599187571739763,0.08043804683663851,0.04707492966263406,0.0700977671141004,0.07526323117101706,0.036489177806597016
full_bagnn,2,29,0.0001,0.07536782367366432,0.07984008341944358,0.04628052257081462,0.06963161497908249,0.07411758432719497,0.040437756220724604
full_bagnn,2,30,0.0001,0.07469421563118556,0.07910759961358776,0.04599093173760899,0.0594325570928425,0.0632060884291616,0.034867065570295265
full_bagnn,2,31,0.0001,0.07424434156189766,0.07868013082628426,0.04539523886574489,0.0614088581158236,0.06518675561118356,0.03683055069802788
full_bagnn,2,32,0.0001,0.07295375231731858,0.0772655015517002,0.04490972634273638,0.06482060436967567,0.06947037730977103,0.0345398653692799
full_bagnn,2,33,0.0001,0.07313169827793672,0.07750802678690993,0.044669448554038635,0.0640978660455865,0.06837872996896141,0.036242732044840256
full_bagnn,2,34,0.0001,0.07117847838561692,0.07537984596087041,0.04385415057254869,0.06230961239343188,0.06674425339278138,0.03346085656847928
full_bagnn,2,35,0.0001,0.07202168905817051,0.07631003512934037,0.04413025361729108,0.06044345725781925,0.06473334020973216,0.03253443402465812
full_bagnn,2,36,0.0001,0.07056000291838734,0.07478463161157839,0.04308334706109661,0.058260929492771174,0.061980180242179335,0.03405515713037716
full_bagnn,2,37,0.0001,0.06930326156049055,0.07347728000169443,0.04215659145258084,0.06294948909821348,0.06786689075842672,0.030962316673484442
full_bagnn,2,38,0.0001,0.06911424790841915,0.07330100476329356,0.04188394619745519,0.05756329026706904,0.06153648150203816,0.03170658149161158
full_bagnn,2,39,0.0001,0.06816870584947676,0.0722582435172195,0.041571596319615677,0.0561715136282433,0.0597476034668174,0.03290597495386695
full_bagnn,2,40,0.0001,0.0690158146689113,0.07326296120195705,0.04139276293233092,0.05851956503986948,0.0628624669306905,0.030261949259187015
full_bagnn,2,41,0.0001,0.06694869658384525,0.07093663926813969,0.04101227610828079,0.06409971113497304,0.06895361838625039,0.0324956003950271
full_bagnn,2,42,0.0001,0.06787536860646501,0.07197873726791328,0.04118835589119889,0.0551626787341277,0.05906446105931218,0.029789611580195455
full_bagnn,2,43,0.0001,0.06684022768634948,0.07089922712484112,0.040441327403273844,0.054630213546217436,0.05843214376686671,0.029903353343127055
full_bagnn,2,44,0.0001,0.06590219575594873,0.06992310840260621,0.03975155979800756,0.05778668185254228,0.06131890207957881,0.034783788851557564
full_bagnn,2,45,0.0001,0.06515294653262026,0.06904787316966429,0.03982109419954254,0.053327771418936847,0.056764216161240964,0.03096866196161287
full_bagnn,2,46,0.0001,0.06478318972795033,0.06867037579899071,0.03950258620089179,0.05640304801192714,0.060763578580124745,0.02804130404340907
full_bagnn,2,47,0.0001,0.0644344499867104,0.06837846321308474,0.03878430775630171,0.05556365713098589,0.05949447042802505,0.029984894173872394
full_bagnn,2,48,0.0001,0.0636338775986864,0.06757129335996515,0.03802677675134767,0.05692913697961312,0.06083103318742205,0.0315338888736336
full_bagnn,2,49,0.0001,0.0639238916825283,0.06786976175542365,0.03826034332040093,0.05380036502704574,0.05741627013320908,0.030281509354776824
full_bagnn,2,50,0.0001,0.06329645571046101,0.06718894793660574,0.03798002004144593,0.05556155732949288,0.05988059041913928,0.027464674999854465
full_bagnn,2,51,0.0001,0.06259362879510136,0.06645610996305226,0.03747387661682442,0.06050429666183217,0.06432736318232687,0.035607859562340714
full_bagnn,2,52,0.0001,0.06320393501984467,0.06723582890201776,0.03698109790813352,0.051560050813999656,0.055307168989225663,0.027190355093235564
full_bagnn,2,53,0.0001,0.06230642408620747,0.06616914595986446,0.03718409836869842,0.05144957393888793,0.05503693355160481,0.02810365667582724
full_bagnn,2,54,0.0001,0.061833251830032895,0.06565791627779566,0.03695934885431783,0.052768556863861595,0.056288410485703586,0.02986510790503998
full_bagnn,2,55,0.0001,0.06187972213309457,0.06575518733653271,0.036674620548069053,0.05235381042117746,0.05590732329604204,0.02922408243001694
full_bagnn,2,56,0.0001,0.06132334495457042,0.06513996893028712,0.03649983146892449,0.051977797422349405,0.05572082418584772,0.027617129591507316
full_bagnn,2,57,0.0001,0.06052020331060361,0.06429582552963112,0.03596435193515705,0.05440615667067075,0.05883712298722988,0.025573471133859597
full_bagnn,2,58,0.0001,0.06021498949040147,0.06406497021037351,0.035175078564532655,0.05034341441114077,0.05421750295793565,0.02513717114445579
full_bagnn,2,59,0.0001,0.06025013772633941,0.06400723580057684,0.03581550477060904,0.04955220082454237,0.052951614427687976,0.027428886235015278
full_bagnn,2,60,0.0001,0.05972151732217373,0.06347976965359181,0.03527872803178213,0.04870878643436057,0.05233158622174198,0.025138949203971094
full_bagnn,2,61,0.0001,0.05934140112107859,0.06312859639037618,0.03471053248730026,0.050672653238671525,0.05444981145933171,0.026089040951243377
full_bagnn,2,62,0.0001,0.059130862677834684,0.06288390523756962,0.034721237292180455,0.06432391601307667,0.06978290672350676,0.028808176546240967
full_bagnn,2,63,0.0001,0.05881404332849683,0.06250770339472259,0.03479221138093754,0.05134487356954046,0.05535036198570454,0.0252797235548113
full_bagnn,2,64,0.0001,0.05864054202303198,0.062380139210017574,0.03431851847107262,0.05050075874292498,0.05446848470717258,0.02469317632316684
full_bagnn,2,65,0.0001,0.058530098612011444,0.06228085245406777,0.034136017490266145,0.058038673723253345,0.0628916754105735,0.026453210689354446
full_bagnn,2,66,0.0001,0.058147099948575864,0.06180899480085517,0.03433047172516367,0.048700739905989957,0.052415998335175365,0.024520977085013412
full_bagnn,2,67,0.0001,0.05745812756704733,0.06110558038498292,0.0337347473746297,0.05138034821864276,0.055637165741389834,0.023699129444207292
full_bagnn,2,68,0.0001,0.057447626179259845,0.06111555158168615,0.033592721276165055,0.05650854770561312,0.06125054508105345,0.025658428802584177
full_bagnn,2,69,0.0001,0.05722355338534509,0.06089827320853162,0.03332458473192403,0.059017728611853816,0.06445395508380458,0.023627585702159185
full_bagnn,2,70,0.0001,0.05687318878834668,0.06048970459773592,0.033352852371678864,0.05587445855069876,0.060786015067779024,0.023921377712456435
full_bagnn,2,71,0.0001,0.056758088882399325,0.060402148894609875,0.033057443624443905,0.05009150658952722,0.054191510759787974,0.02341756442655645
full_bagnn,2,72,0.0001,0.057016942443641326,0.06067079814991422,0.03325394957332083,0.05417312716358082,0.05887519959192849,0.023566359239487838
full_bagnn,2,73,0.0001,0.05616021782168644,0.059745669517767885,0.03284154223331064,0.04737259747453347,0.050831504853992286,0.024862923110918513
full_bagnn,2,74,0.0001,0.05604139240865586,0.059627131717528266,0.03272032685449226,0.049027309773759735,0.052877336841156204,0.02398066639788726
full_bagnn,2,75,0.0001,0.056278117327886665,0.05991159668210421,0.03264707783389056,0.04889089890808531,0.052732990663299284,0.023897328675824583
full_bagnn,2,76,0.0001,0.055871572446350874,0.059470005911663223,0.0324689504848146,0.052552677269059295,0.056984184120095954,0.02371807324995836
full_bagnn,2,77,0.0001,0.05524383749403364,0.05881309832605443,0.03203019745612028,0.04854886923471017,0.052244379234516386,0.024501213485396238
full_bagnn,2,78,0.0001,0.05577765170138113,0.05943502273822929,0.03199109250291899,0.06526234496966059,0.07111722352523445,0.027156782671634978
full_bagnn,2,79,0.0001,0.055069938848894086,0.058552761677536036,0.032418878584834256,0.05037067509825142,0.05434585415462147,0.02451831150010703
full_bagnn,2,80,0.0001,0.05505737171130987,0.05863692906895168,0.0317769930542699,0.047924972457883235,0.05157633522622928,0.02415899019324682
full_bagnn,2,81,0.0001,0.054997012777966925,0.05853351805117587,0.0319966778822018,0.05150434042893349,0.05564971866015876,0.02452943541819925
full_bagnn,2,82,0.0001,0.05460259631000432,0.05811111824534209,0.03178532452088198,0.04631075112284342,0.04972055908410457,0.02412467680406308
full_bagnn,2,83,0.0001,0.054169704925112784,0.05763657661354283,0.03162128186734114,0.04873900610929785,0.05247552160831304,0.024431110038194037
full_bagnn,2,84,0.0001,0.054348929362132994,0.057826573009931125,0.031730649657215004,0.04652890929207785,0.0500912087634167,0.023360303751485678
full_bagnn,2,85,0.0001,0.053754875477656214,0.057214308749913644,0.031255606929325205,0.04991987843296447,0.05331214941640876,0.027838245605910774
full_bagnn,2,86,0.0001,0.05346322723533019,0.05686139800299931,0.03136269817795501,0.046731701599830124,0.05048266270052067,0.02232465887161124
full_bagnn,2,87,0.0001,0.053728411845138636,0.05723781996480889,0.03090340364219605,0.0452557386134816,0.04878026818013691,0.022318434150302317
full_bagnn,2,88,0.0001,0.053268217193723426,0.056710305128179955,0.030882040010961447,0.04714274339386499,0.050875163211163754,0.02284930022397631
full_bagnn,2,89,0.0001,0.05338472516107053,0.056805879340817114,0.03113476120730986,0.047187319857392045,0.050944588747684684,0.022743829505729805
full_bagnn,2,90,0.0001,0.05298638148512383,0.05641628030266824,0.030678562275827718,0.052449209912616444,0.056801961496347184,0.024119189907771215
full_bagnn,2,91,0.0001,0.053011072463041396,0.056460072179881804,0.030579765203145703,0.04768056132545334,0.05171586649736928,0.021432653427810734
full_bagnn,2,92,0.0001,0.05267483115152339,0.056090759981928334,0.03045817347003744,0.046150774090907426,0.04968061999446469,0.02318655177616522
full_bagnn,2,93,0.0001,0.05274835524923459,0.05617025203410274,0.030492325409725164,0.04545874471740216,0.04865401109221919,0.024654527832315778
full_bagnn,2,94,0.0001,0.052475846441493265,0.05586641492871943,0.03042520293871265,0.04902571149119977,0.05323508890782275,0.02163767763698093
full_bagnn,2,95,0.0001,0.05246623770088455,0.05586218524454585,0.03037958586494535,0.0458638905439882,0.04941715272319483,0.02274362904238582
full_bagnn,2,96,0.0001,0.05225650574638108,0.05564443423919976,0.030222929047124474,0.0443716037824036,0.04773895676528818,0.022464430638474864
full_bagnn,2,97,0.0001,0.052003643505387435,0.055351304306917565,0.030231478285690967,0.05530001242793637,0.05981536792489217,0.025902242762911153
full_bagnn,2,98,0.0001,0.05180616349592134,0.05512266046021224,0.03023691131803917,0.04454743445748382,0.0480192590185007,0.021950883692219876
full_bagnn,2,99,0.0001,0.051691733330514765,0.05507800015950596,0.029668653853738267,0.058892803646765704,0.06444683487485635,0.022747451484031424
full_bagnn,2,100,0.0001,0.051635478174738667,0.05497919330710815,0.029888814354498503,0.054480252786308435,0.059537934052735254,0.02156921030788072
full_bagnn,2,101,0.0001,0.05161618470532981,0.05496876113980153,0.029812014844818786,0.04612034721077194,0.049785245798436316,0.022280184478455294
full_bagnn,2,102,0.0001,0.05111566453386292,0.054450791473891605,0.02942505294377455,0.04917745450775383,0.053376810824314405,0.0218548371124248
full_bagnn,2,103,0.0001,0.050895993624934105,0.054188927598464214,0.0294800575537688,0.04310796367635965,0.04631365270221872,0.022243853404979464
full_bagnn,2,104,0.0001,0.05084084394724958,0.05412878991654581,0.029457187108210745,0.0429757398363338,0.04639372004707574,0.020738311811565564
full_bagnn,2,105,0.0001,0.05075086473186456,0.05404934046222796,0.029298642453876384,0.04981250070995354,0.05427698768074801,0.02075310967792129
full_bagnn,2,106,0.0001,0.0512687542737242,0.054611220690962754,0.02953097921605008,0.048192413510622784,0.052350363018822094,0.021127124391394025
full_bagnn,2,107,0.0001,0.051070321623302765,0.05436226645001124,0.02966064010347708,0.04919183818877354,0.053327911946882786,0.022280860036323017
full_bagnn,2,108,0.0001,0.05059201652402246,0.05386550219592272,0.029303087056885408,0.04711679578084819,0.05068856452857148,0.023865652544641187
full_bagnn,2,109,0.0001,0.05059053623281689,0.05390465516953447,0.02903547631043122,0.04503042640251014,0.04862293237593504,0.021650206665041614
full_bagnn,2,110,0.0001,0.05065270636358051,0.05395790137026883,0.02915662762267185,0.04952437057686935,0.053482618444819836,0.023758960181714424
full_bagnn,2,111,0.0001,0.050515071245416515,0.05377993718643126,0.029280721201038744,0.05315946511787178,0.057393731918036206,0.025606037920118896
full_bagnn,2,112,0.0001,0.04981812763976304,0.05304868948176421,0.028807775757451623,0.043307780472634005,0.04664547359993941,0.021590865339330745
full_bagnn,2,113,0.0001,0.0501926348396665,0.053468132532780245,0.028889716498350027,0.04729685042391881,0.05122682295088022,0.021730757944397397
full_bagnn,2,114,0.0001,0.050081462296105606,0.05331388222325894,0.02905815784653086,0.04820869933068888,0.0523393407456027,0.021342960199854166
full_bagnn,2,115,0.0001,0.050180259200352545,0.05342672848742416,0.029065308060473992,0.055425085143535134,0.06017477084013165,0.024511465621627013
full_bagnn,2,116,0.0001,0.04964081311378458,0.05282178127143969,0.028953048090419757,0.04699933588326555,0.05104422840443101,0.020675313666751724
full_bagnn,2,117,0.0001,0.04953797589374151,0.05275360088328295,0.028623864248281727,0.044487078081930725,0.04808952098758015,0.02104452252624704
full_bagnn,2,118,0.0001,0.04931273719003348,0.052532348939466636,0.02837309816316021,0.044112726177433975,0.047752562485944686,0.020427487055115125
full_bagnn,2,119,0.0001,0.04899728612001248,0.05217235907769692,0.028347353362710083,0.04681721729021822,0.050708590780442105,0.021504618843179092
full_bagnn,2,120,0.0001,0.049112501337451035,0.052334594813479636,0.02815692733333242,0.04537083221016744,0.04920803500282814,0.020405579270635455
full_bagnn,2,121,0.0001,0.04879984631621701,0.05193418636709772,0.02841461409821385,0.05052194762204829,0.05462839963439349,0.023789798868171647
full_bagnn,2,122,0.0001,0.04884184210426945,0.051994560876681827,0.028337860403915498,0.04778475461491851,0.051921153364054146,0.02086591438412677
full_bagnn,2,123,0.0001,0.04888513116217515,0.05206466588418913,0.02820687378639613,0.04356072627716793,0.04681370135125676,0.022385598690707345
full_bagnn,2,124,0.0001,0.04884196300503214,0.05198284670541706,0.028415184654157065,0.04332988391899639,0.04674710508238426,0.021090390558532693
full_bagnn,2,125,5e-05,0.04854817847166067,0.05169983765361985,0.028050729772278286,0.052964683236052384,0.05784895394293102,0.021206655535831568
full_bagnn,2,126,5e-05,0.0467159184094338,0.049676101951683864,0.02746425532700454,0.04296117273026004,0.0464691705710215,0.020131612473456354
full_bagnn,2,127,5e-05,0.04644417038946159,0.04943267644217788,0.027008040520800653,0.046863176364912586,0.05069158094030743,0.02195402429306892
full_bagnn,2,128,5e-05,0.04664801861184982,0.04960427134638254,0.02742090774490764,0.04275020048965127,0.04621630900988124,0.02019408275633417
full_bagnn,2,129,5e-05,0.04662767124659968,0.049605317253951266,0.02726165207166601,0.0403749448022427,0.04335757143292519,0.020966925389789334
full_bagnn,2,130,5e-05,0.04660991864983728,0.0495531443876031,0.027468329118007593,0.04390885448119019,0.047593808091535114,0.01992366874785253
full_bagnn,2,131,5e-05,0.04652347409845634,0.049488021313548944,0.02724295134618519,0.043597739422625674,0.04718504494374049,0.0202556798759734
full_bagnn,2,132,5e-05,0.04609231683385051,0.04903768900760469,0.02693709828871509,0.0395210097728431,0.04242838271263076,0.020595065601730963
full_bagnn,2,133,5e-05,0.046473898714480544,0.04942057611105416,0.027310012817567064,0.039330902452781646,0.042310004942438445,0.01994534414394376
full_bagnn,2,134,5e-05,0.04626486067898296,0.049205159259130535,0.027141869560488554,0.0405578016219712,0.04373007777028597,0.019919092019805087
full_bagnn,2,135,5e-05,0.046124586460910166,0.049002827971511634,0.027405502504576712,0.04032460701536706,0.043406634991074486,0.020263994683784693
full_bagnn,2,136,5e-05,0.04601807347083139,0.04891863796750727,0.027154036475754772,0.04114666186507942,0.04435118323808238,0.02029650476760211
full_bagnn,2,137,5e-05,0.045779693789517524,0.048653744086882424,0.02708687633226473,0.04323257404132483,0.04678769413933266,0.0201034811610365
full_bagnn,2,138,5e-05,0.04590688795862736,0.048829954754491894,0.026896421225513355,0.03963504579857315,0.04267629456550355,0.01984951098055147
full_bagnn,2,139,5e-05,0.04585063437326292,0.048715596856428435,0.0272179182878347,0.04059946921737738,0.04366276750839334,0.02066748048824792
full_bagnn,2,140,5e-05,0.045882270944129125,0.04874059271486395,0.027292491998218413,0.04208615266943728,0.04507543444085177,0.022627479486176112
full_bagnn,2,141,5e-05,0.04571201125081762,0.04858818631169113,0.02700600627896832,0.040090490482363586,0.04320312174332392,0.019833233175105932
full_bagnn,2,142,5e-05,0.04591084293484307,0.04881009191375689,0.027055052053976632,0.03986893721788668,0.04273425532582502,0.02122674236908217
full_bagnn,2,143,5e-05,0.045882034477640714,0.04876524996430215,0.0271300893654676,0.042207295405093735,0.045376633987114376,0.02158100378494517
full_bagnn,2,144,5e-05,0.045607340188031226,0.04848771965268933,0.02687409142149812,0.04112011283055396,0.04435556887569304,0.020060881731339693
full_bagnn,2,145,5e-05,0.04549855925718269,0.04832536344719519,0.027113956791711517,0.039728329884211704,0.04271159572937364,0.020317671440481293
full_bagnn,2,146,5e-05,0.045637959001674826,0.04856463554812408,0.026603090992010983,0.04613019036261791,0.04991355468059414,0.02150817533242719
full_bagnn,2,147,5e-05,0.04531451639774804,0.04813613080257298,0.02696378935034204,0.03943421960855445,0.04249315996983993,0.019529071274576284
full_bagnn,2,148,5e-05,0.045287268265237886,0.04808576761320524,0.02708662011623303,0.03871826550597682,0.04160768065555237,0.01991744841510901
full_bagnn,2,149,5e-05,0.04558380503423512,0.04844421590953071,0.026981070412543207,0.047416587457304246,0.05159471529878535,0.020235288703641798
full_bagnn,2,150,5e-05,0.04540698352369307,0.048242148612602544,0.026967972945511332,0.03901036475365177,0.0419564440936824,0.0198386346247124
full_bagnn,2,151,5e-05,0.04510449497856417,0.047941207973901244,0.02665549291507311,0.0427666884124282,0.04615630759106054,0.020717633924998927
full_bagnn,2,152,5e-05,0.04506453841280632,0.04787684985308282,0.026774491729406526,0.0420094490091965,0.04546373043884288,0.019531032013212598
full_bagnn,2,153,5e-05,0.0452878969851558,0.04810181218412517,0.026987208628417206,0.04151123869367963,0.044876544224679224,0.01961471430410014
full_bagnn,2,154,5e-05,0.0449472326811368,0.04773420609061932,0.026820820561202302,0.03911536375689971,0.04208434129973502,0.019794860745620736
full_bagnn,2,155,5e-05,0.04477621794539787,0.047546971288492376,0.026756134477518394,0.04267558609496348,0.04604745611229924,0.02073053472726579
full_bagnn,2,156,5e-05,0.04463460653787539,0.0474149528201334,0.026552691984254476,0.04259490942963285,0.046089684179742546,0.019850386411630068
full_bagnn,2,157,5e-05,0.0448640598424392,0.04760849990580243,0.027015398142857024,0.041066135953089916,0.044376587017404816,0.01952109083733082
full_bagnn,2,158,5e-05,0.04482797501373921,0.04762081594473369,0.026663924753840204,0.04750102169077512,0.051765941701718304,0.019746094523557176
full_bagnn,2,159,5e-05,0.044841569243828205,0.04765190881518378,0.026563616702876696,0.040095211471933186,0.042981972447191936,0.021307076798410273
full_bagnn,2,160,5e-05,0.04446539251590411,0.04718630349400804,0.02676892998913233,0.0388658164548031,0.041900228658989375,0.019119013251689732
full_bagnn,2,161,5e-05,0.04472648526421682,0.04748445872527507,0.026789767452300932,0.04123521749342519,0.04447635047179143,0.02013935702959172
full_bagnn,2,162,5e-05,0.04449402247372402,0.04723469707889343,0.026669208900411884,0.04340284739843337,0.04685095975720887,0.02095767486130308
full_bagnn,2,163,5e-05,0.04443674065252845,0.04720034536773257,0.026463422535955745,0.03909345448566394,0.04207677968783226,0.01968003412026708
full_bagnn,2,164,5e-05,0.0443618709965303,0.04711092218486404,0.026482794506615514,0.03913614238024391,0.0420280616633266,0.020314139946299572
full_bagnn,2,165,5e-05,0.044047771995462594,0.04675680979178076,0.02642926582769618,0.039499831596009505,0.04246097151734774,0.020220659680959055
full_bagnn,2,166,5e-05,0.0445701820159219,0.04732352751927382,0.026662777641851352,0.03902546923159007,0.042084720186386995,0.019122043161079603
full_bagnn,2,167,5e-05,0.044166318036293194,0.046847920860273826,0.026726676842917275,0.03941046843829775,0.042415658739462535,0.01984632971203981
full_bagnn,2,168,5e-05,0.04416251000381388,0.04684732203093388,0.026701322063184495,0.0400502335408991,0.04315951066272552,0.01981181945651301
full_bagnn,2,169,2.5e-05,0.04403916105980468,0.046712429330614064,0.026652884614873543,0.0418747799801379,0.045189324177288534,0.020310706178269355
full_bagnn,2,170,2.5e-05,0.04283137104711402,0.04539916573573952,0.026130635486627748,0.037727728017830614,0.040444328266707734,0.020042786974286315
full_bagnn,2,171,2.5e-05,0.04295874672134651,0.04554787320397328,0.026119730673480827,0.03926334993199917,0.04237858347864817,0.018990267066878737
full_bagnn,2,172,2.5e-05,0.042974946127584165,0.045537650210915645,0.026308139596910442,0.037143055876495204,0.039899547677623146,0.019205164063436347
full_bagnn,2,173,2.5e-05,0.042802625863084996,0.04533998217703603,0.026300057553243734,0.038258457554467884,0.04114055411879267,0.019498808377778887
full_bagnn,2,174,2.5e-05,0.04309269768758372,0.045703456730409764,0.026112958738031454,0.03790105103744951,0.04078562061713927,0.019128330828823835
full_bagnn,2,175,2.5e-05,0.042757114236852016,0.04533861708888167,0.02596793421071472,0.04298160762537153,0.046616043643965516,0.019327916674216395
full_bagnn,2,176,2.5e-05,0.04282614472094158,0.04542388582996499,0.025931313541442333,0.03848254762851893,0.04135277787615012,0.01980487953285788
full_bagnn,2,177,2.5e-05,0.04269486762396825,0.045282261498334114,0.02586736243851336,0.03834520996587195,0.041290435963013516,0.01917974364599138
full_bagnn,2,178,2.5e-05,0.04260210119910932,0.0451576405123758,0.025981816278937715,0.03875218520061594,0.04159908998067133,0.020214701626723192
full_bagnn,2,179,2.5e-05,0.04258155703336987,0.045145010354384785,0.025909776266995806,0.03752120863161518,0.04028040094377418,0.019565690979667365
full_bagnn,2,180,2.5e-05,0.04261735632002121,0.04518151877714234,0.025940663656029046,0.03869611570961749,0.04169335381129103,0.01918623935295675
full_bagnn,2,181,2.5e-05,0.04271955797787191,0.04528054553684875,0.02606421070961557,0.03736526110165931,0.04004745803920005,0.019909705404085626
full_bagnn,2,182,2.5e-05,0.04262935009782606,0.045207388254685545,0.025862379516372526,0.03797859930999528,0.040865267433558776,0.01918851723147266
full_bagnn,2,183,2.5e-05,0.04251979681629904,0.045095743164290956,0.025766195476059975,0.03613247065118111,0.03870993410961458,0.019356814365236587
full_bagnn,2,184,2.5e-05,0.04265258935607057,0.04524497062125345,0.02579264560280135,0.038287984479726964,0.04123294760967845,0.019121240110596634
full_bagnn,2,185,2.5e-05,0.04242540010380221,0.0449740807701478,0.02584963214266475,0.037985707815494714,0.04082506295460099,0.019513769132714114
full_bagnn,2,186,2.5e-05,0.042411162342830995,0.04496883714004453,0.025776422063808566,0.0378358407411945,0.04063727509380264,0.019601231209034124
full_bagnn,2,187,2.5e-05,0.042519006006432755,0.04505815825609896,0.026004908544200105,0.03826412347473767,0.04097931926430069,0.02059208779375727
full_bagnn,2,188,2.5e-05,0.04240784169221475,0.044953874464798406,0.025849744919558826,0.03923274079932038,0.04236100059424738,0.0188804684455662
full_bagnn,2,189,2.5e-05,0.042364318684664184,0.044875960338452314,0.026028736440453695,0.040325343772056876,0.04340833229690059,0.020261474956907347
full_bagnn,2,190,2.5e-05,0.04232416637596032,0.044848323528723685,0.02590817936855954,0.03649159258652655,0.03898766394791121,0.02024192001435686
full_bagnn,2,191,2.5e-05,0.04215512655499048,0.044649282738206925,0.025933513302084692,0.038446637388598166,0.04140463837713631,0.019199896758804423
full_bagnn,2,192,2.5e-05,0.04233722412431011,0.04487089364892582,0.025859203784000584,0.04096121792026692,0.04404409703183717,0.02089457062718677
full_bagnn,2,193,2.5e-05,0.04220513957644559,0.04469341872494633,0.02602238136563406,0.036280989100921965,0.03892916839820136,0.019045398005363333
full_bagnn,2,194,2.5e-05,0.04223118846538139,0.044735119933031066,0.025946887906242437,0.038170747281816714,0.041108304744443644,0.01905180172255413
full_bagnn,2,195,2.5e-05,0.042309082203923855,0.04483152303520413,0.02590377919575653,0.037469203697378446,0.039898165830654114,0.021660342641634533
full_bagnn,2,196,2.5e-05,0.04233481731859629,0.04482372098984364,0.026147838603224068,0.03675317586812232,0.03948988429185328,0.018948613869728306
full_bagnn,2,197,2.5e-05,0.04226874799439869,0.04478237196043346,0.025920261672047903,0.0381049488850455,0.04091943915669854,0.019783725811890605
full_bagnn,2,198,2.5e-05,0.04215904864129526,0.044662010641151946,0.02588062860949108,0.03950827942687734,0.042658103692941894,0.019011861057794233
full_bagnn,2,199,2.5e-05,0.04199419947075044,0.04449147391731222,0.02575282362949194,0.03676318449329451,0.03942301631767871,0.019459252372339027
full_bagnn,2,200,2.5e-05,0.04193058020772501,0.04442302870259221,0.025720178169450873,0.035619130608662335,0.038080144943718426,0.01959769263685536
full_bagnn,2,201,2.5e-05,0.04194244593376029,0.04443536784762789,0.025728826814612193,0.03743408646319726,0.040218063672354906,0.019314855355312778
full_bagnn,2,202,2.5e-05,0.04209949729927532,0.044594218895785874,0.02587419671373804,0.03937305475628751,0.04226513533776689,0.02054374718332585
full_bagnn,2,203,2.5e-05,0.042190345656890504,0.04472305222670125,0.025718385032531352,0.03670254532841622,0.03927030370477783,0.019993973670980537
full_bagnn,2,204,2.5e-05,0.041999625502156614,0.04450677756619046,0.02569364498509916,0.040595567213164804,0.04385161946566562,0.01940593202873394
full_bagnn,2,205,2.5e-05,0.042046440851494414,0.04457165914989942,0.02562313563912477,0.03757604821582987,0.04015005820883043,0.020823682068604583
full_bagnn,2,206,2.5e-05,0.04193189324542185,0.04443098668128923,0.025678002207344553,0.03783743194502557,0.04075879021448621,0.018824647915428445
full_bagnn,2,207,2.5e-05,0.04187604900429635,0.04436594705810292,0.02568186146957679,0.03776450539087402,0.040656773628889226,0.018943078525524782
full_bagnn,2,208,2.5e-05,0.04179715610003578,0.04429655702940553,0.025542100379702254,0.0386249214340646,0.04166833788229292,0.018818283827032514
full_bagnn,2,209,2.5e-05,0.04184894032938643,0.044321502282892576,0.02576791183766039,0.035346207905404416,0.03784331186643025,0.01909264493244755
full_bagnn,2,210,2.5e-05,0.041899554884029196,0.04441411539290138,0.02554457119519897,0.037735038312394546,0.040665881850366334,0.018665425899953767
full_bagnn,2,211,2.5e-05,0.04192267396646628,0.04443095217721835,0.0256097921425922,0.03773608834977553,0.040599643921050234,0.0190947801486096
full_bagnn,2,212,2.5e-05,0.04183576416663479,0.04432435318000459,0.02565059063989112,0.0354667629186658,0.0379508439410862,0.019294623027212906
full_bagnn,2,213,2.5e-05,0.041802492386229385,0.04428206588944223,0.02567535293940619,0.03601191825353871,0.0385786769189808,0.019307789236317072
full_bagnn,2,214,2.5e-05,0.0418984894294054,0.044379323060862744,0.02576351591686214,0.03583160468014533,0.03849290860624025,0.018509964909592683
full_bagnn,2,215,2.5e-05,0.04164931089708586,0.04410311114448838,0.025689881728707672,0.038892637206312315,0.041665146655472496,0.020845479184395242
full_bagnn,2,216,2.5e-05,0.041868942386642294,0.04436192737779017,0.02565494793401437,0.035763677237003876,0.03814378199223744,0.020265522551158315
full_bagnn,2,217,2.5e-05,0.04151977931671066,0.04397192775297099,0.025571543457428066,0.037728161870503235,0.04046538959856398,0.019911687454138554
full_bagnn,2,218,2.5e-05,0.04168183109524056,0.04414953790274863,0.025631887057507664,0.03703306470775318,0.03972999165677013,0.019485790352068665
full_bagnn,2,219,2.5e-05,0.04175048006306853,0.044204498522939055,0.025789787398228525,0.035899038931241384,0.03849670975937669,0.01898910338768104
full_bagnn,2,220,2.5e-05,0.041654511355564146,0.04413406567195672,0.025528049553134865,0.03699441732242821,0.03972050525008149,0.019248919685046197
full_bagnn,2,221,2.5e-05,0.04161906910844611,0.044075040893624816,0.02564579820895748,0.03645406592643308,0.03915563235411461,0.018872374931817423
full_bagnn,2,222,2.5e-05,0.04148239717404236,0.04391986741372536,0.025630168482641724,0.03787730273085446,0.040741909942399186,0.019232527711428665
full_bagnn,2,223,2.5e-05,0.04156816670044481,0.0440283874030369,0.025567425912258673,0.03530471729342189,0.037873896201251,0.018587092391144127
full_bagnn,2,224,2.5e-05,0.041468932950426335,0.043917924687163844,0.025540967319174594,0.04066827049131867,0.043995578058918274,0.01902190442465194
full_bagnn,2,225,2.5e-05,0.041574231708830074,0.0440644618341567,0.025377829215234467,0.03912043103839853,0.04202876582719957,0.02018914201252008
full_bagnn,2,226,2.5e-05,0.04159965820244296,0.04406266218462914,0.02558024705246772,0.03644343577967192,0.03886594280880286,0.02066675882911433
full_bagnn,2,227,2.5e-05,0.041426815969033935,0.043876558746367686,0.02549479297334728,0.0372274746172057,0.040006421335706255,0.019139849462136982
full_bagnn,2,228,2.5e-05,0.041442810182582,0.043861056386280586,0.025714408605159427,0.03875698228757995,0.04185348499041849,0.018607066372348137
full_bagnn,2,229,2.5e-05,0.041380296194122874,0.04380956652864339,0.025580657211802072,0.039164851127827416,0.0418003196175882,0.022000371419820294
full_bagnn,2,230,2.5e-05,0.04144103673828883,0.043859348296022234,0.025712758172305027,0.035659214584279154,0.03810394709029524,0.019745853948181426
full_bagnn,2,231,2.5e-05,0.04134371359125396,0.04377793255262026,0.025512035438220244,0.036315158192683564,0.0389218612452336,0.01934457546973471
full_bagnn,2,232,2.5e-05,0.04142742496667147,0.0438605399517495,0.02560328188494812,0.036851724098462164,0.03961350536751966,0.018878089833694746
full_bagnn,2,233,2.5e-05,0.04136872225670881,0.04381827290752749,0.02543795395445014,0.03989727950538247,0.043108830170888734,0.018996084961793707
full_bagnn,2,234,2.5e-05,0.04155909393992356,0.044009101493294046,0.025625361297744478,0.036431127286679896,0.03914400002624689,0.018778562411947496
full_bagnn,2,235,2.5e-05,0.04124440150029837,0.04365577599174748,0.02556209404060979,0.03503593047593129,0.03751149355351278,0.01892238269983816
full_bagnn,2,236,2.5e-05,0.041297172494364785,0.04372919498843278,0.025479005219984755,0.0366535407264061,0.03934492093269772,0.019140514989608115
full_bagnn,2,237,2.5e-05,0.041213553097827926,0.04367967400547374,0.025174048700706688,0.035670974637938904,0.03825324425256032,0.018864103575587404
full_bagnn,2,238,2.5e-05,0.04123116047564405,0.043688379081458624,0.02524990321803997,0.038240377992372544,0.04100794075037787,0.02022080269466804
full_bagnn,2,239,2.5e-05,0.041177824408821145,0.043609648798081914,0.025362076866753524,0.03746782655372764,0.04036564638097919,0.01860885211795246
full_bagnn,2,240,2.5e-05,0.04118253739102417,0.04361293338987828,0.025375321004446894,0.03901619164399639,0.04212769212915199,0.018769659666515268
full_bagnn,2,241,2.5e-05,0.04106388959822564,0.0434693191022588,0.025419313742697142,0.03618186856484136,0.03889246697436733,0.018542759100979224
full_bagnn,2,242,2.5e-05,0.04103527800407404,0.04345263805345394,0.025313533418065706,0.035554881201405715,0.03814262339360165,0.018717732304585868
full_bagnn,2,243,2.5e-05,0.0411818348776283,0.04363376479403599,0.02523461127384584,0.03620067586978242,0.038839154351168026,0.019031743003229525
full_bagnn,2,244,2.5e-05,0.04099711554715326,0.043410169491149675,0.025303299115828817,0.036948029869932245,0.03971629223649239,0.018927802530470866
full_bagnn,2,245,2.5e-05,0.04111235269906635,0.04352097763622905,0.025446749615224855,0.03660704550762156,0.039312683870455375,0.018994076484085454
full_bagnn,2,246,2.5e-05,0.04121381405289877,0.043662129268978146,0.02529025167239994,0.03713868991808491,0.039979845743448934,0.018648347080251194
full_bagnn,2,247,2.5e-05,0.04109010980844549,0.04350965057751722,0.0253541904333183,0.03521695535560798,0.0376742569457418,0.019222366739978153
full_bagnn,2,248,2.5e-05,0.04115173205192567,0.04359336506265135,0.025271646455088604,0.03814898351035173,0.041082254157917955,0.019057395720357948
full_bagnn,2,249,2.5e-05,0.04089010561802671,0.04326746253286392,0.025428735236744705,0.03906757291849831,0.042168804905137115,0.01888712021155236
full_bagnn,2,250,2.5e-05,0.04083672219879005,0.043225258853423584,0.02530220850808161,0.036111802043314455,0.03876181321377424,0.01886231573049574
full_bagnn,2,251,2.5e-05,0.04093110305341795,0.04332803464168334,0.02534194524130855,0.03651461642082135,0.039164306762992415,0.01927378665202518
full_bagnn,2,252,2.5e-05,0.04091724418011802,0.04333012032752365,0.025224956049107,0.03949232347183929,0.04266274003812952,0.018867464670907812
full_bagnn,2,253,2.5e-05,0.041064663386762235,0.043475539693597236,0.025384910646480997,0.03560548505474646,0.03825220782347239,0.01838748945642597
full_bagnn,2,254,2.5e-05,0.04091414755483753,0.04328422486552631,0.025499800463314508,0.03533277068596512,0.03794231906739975,0.01834998121827864
full_bagnn,2,255,2.5e-05,0.04095432066010518,0.04333412370933692,0.025476258616901188,0.039682020306278,0.04295363767893841,0.018403925964098816
full_bagnn,2,256,1.25e-05,0.0408798393796007,0.043260591075295236,0.025396112826999395,0.03540591348638279,0.037975298791654795,0.01868137729807016
full_bagnn,2,257,1.25e-05,0.04032736451206179,0.042673993587265424,0.025065476576634823,0.03598014873464693,0.03855985956523955,0.019185041878475063
full_bagnn,2,258,1.25e-05,0.04029559898867188,0.04263422270455463,0.025085560336080188,0.03647885188296565,0.03921752184685954,0.018653841535813225
full_bagnn,2,259,1.25e-05,0.04036569390722053,0.04273747110643449,0.024940503347032496,0.0354344787671147,0.03792504696885943,0.019223191145450874
full_bagnn,2,260,1.25e-05,0.04023364417170464,0.0425951514379765,0.024875306114505016,0.0347631198374202,0.03723824197424956,0.018654301601989904
full_bagnn,2,261,1.25e-05,0.040317575929107785,0.042665723741432696,0.025045453416118423,0.03431277808247363,0.036720910742124295,0.018636233977686073
full_bagnn,2,262,1.25e-05,0.04023595246276602,0.04256616543909142,0.02508006586751389,0.03660295941663281,0.03938455858758743,0.01849743418400063
full_bagnn,2,263,1.25e-05,0.0402606086617848,0.04260030982591056,0.025042881395720213,0.0372794823597391,0.04014706152590343,0.018624639191332837
full_bagnn,2,264,1.25e-05,0.04020095652004053,0.04254878624648937,0.024931401255126693,0.03636140976895945,0.03897904864723212,0.019316848453023887
full_bagnn,2,265,1.25e-05,0.040291731143279316,0.04260877732466534,0.025221771611237793,0.037898241047930964,0.04071388916473147,0.019571127518055644
full_bagnn,2,266,1.25e-05,0.04023308071275845,0.04258694469632531,0.02492396258885052,0.037262359465550836,0.040090667391973867,0.018856357208041203
full_bagnn,2,267,1.25e-05,0.04012409229076017,0.042423105369343725,0.025171306344744283,0.03510506800952093,0.0376154721533609,0.018764225144829776
full_bagnn,2,268,1.25e-05,0.04018609916325804,0.0425117774594118,0.02506004499712026,0.035333920398388265,0.03794815767815195,0.018322202933248502
full_bagnn,2,269,1.25e-05,0.04014159819982437,0.042441520292911046,0.025182973543921263,0.035199454173278244,0.03766823330977812,0.019128190367455142
full_bagnn,2,270,1.25e-05,0.04017668924037545,0.04250793006465955,0.025015136778310295,0.034815768224828646,0.037298732619866715,0.01865746462804775
full_bagnn,2,271,1.25e-05,0.0400714591800604,0.04240900605665994,0.024868862213490984,0.035986119475832024,0.0386882219285599,0.018395197711488266
full_bagnn,2,272,1.25e-05,0.04012627628065238,0.042431893491269405,0.025131022620150833,0.034270996337501865,0.036737994568079746,0.018217433920940843
full_bagnn,2,273,1.25e-05,0.04007476438854493,0.042381457204838,0.02507284552258683,0.03578010743661437,0.03845477935213738,0.018371095532041824
full_bagnn,2,274,1.25e-05,0.04000793490638193,0.04233956054263759,0.024843345831757055,0.034669669764849045,0.037141016256970596,0.018583351889913117
full_bagnn,2,275,1.25e-05,0.04018401572393887,0.042544043171043724,0.02483510267105923,0.03736762987390238,0.04014090460788894,0.019319402705895442
full_bagnn,2,276,1.25e-05,0.040125596420775116,0.04246160859210591,0.024932343402441926,0.036086938283304816,0.038564804085898234,0.019956938219424212
full_bagnn,2,277,1.25e-05,0.04006524662304281,0.04236974265561992,0.025077737269250815,0.035516566507920594,0.03811071552188788,0.018630719580376025
full_bagnn,2,278,1.25e-05,0.039914668640545534,0.04221834669152273,0.024932411711043056,0.034433293112100985,0.03689925880409146,0.01838366209710638
full_bagnn,2,279,1.25e-05,0.04005536044059777,0.0423690133682483,0.025007818149434657,0.03681336104318853,0.03954033832576922,0.019062296553860124
full_bagnn,2,280,1.25e-05,0.039979097376986156,0.042303222188402656,0.024863307467333166,0.035388892911308874,0.0380234056175167,0.018244076740311345
full_bagnn,2,281,1.25e-05,0.040099261060282776,0.04240400250104681,0.025109620232880478,0.03521190530153969,0.037796722607619834,0.018386319185451
full_bagnn,2,282,1.25e-05,0.03995963287735651,0.04227512762839208,0.024900263648841542,0.03610112801547078,0.03859133100510903,0.019886931950923507
full_bagnn,2,283,1.25e-05,0.04002838159123116,0.0423366848352296,0.02501511701557077,0.03591977536733861,0.03860385909756414,0.018453199594894793
full_bagnn,2,284,1.25e-05,0.039949159670412016,0.042244801198944665,0.025018292673786517,0.03536735359492208,0.03781544527610289,0.019427370857271857
full_bagnn,2,285,1.25e-05,0.04000206085117216,0.042307714913354125,0.025005927589861882,0.03592248085015072,0.03855409875245341,0.018791581469022343
full_bagnn,2,286,1.25e-05,0.040036088273950415,0.04234277907231595,0.02503456700436158,0.03631818280920505,0.038980126561667355,0.018987550025039743
full_bagnn,2,287,1.25e-05,0.03995504150486198,0.04222723485299324,0.025177502720268,0.03454425726599466,0.036983740599930336,0.018664485420577293
full_bagnn,2,288,1.25e-05,0.039845438307264926,0.042171597264880525,0.02471674108025025,0.03525953443989044,0.037874541033763615,0.018238841382798635
full_bagnn,2,289,1.25e-05,0.039927617469420355,0.042250193772926395,0.024821632223643066,0.03689873008037393,0.03969093895081397,0.018722951647204278
full_bagnn,2,290,1.25e-05,0.03991272182247987,0.04221407324319176,0.02494488627971542,0.035089049067739304,0.03752927841447255,0.01920375992280524
full_bagnn,2,291,1.25e-05,0.03994680687789159,0.04225833825910952,0.02491333102443534,0.03519872337383351,0.03774068651721703,0.01865377154011784
full_bagnn,2,292,1.25e-05,0.03982765154688607,0.04212770592194315,0.0248681656406252,0.03554028133490654,0.0381212422130753,0.01874198129783632
full_bagnn,2,293,6.25e-06,0.03979431789138164,0.04210372232939071,0.024774332592600576,0.03456618760672729,0.03705794813122204,0.018348949029386673
full_bagnn,2,294,6.25e-06,0.03955392710168259,0.04183740413243163,0.024702331482930412,0.03541329993574399,0.0380345318329767,0.018352301612129435
full_bagnn,2,295,6.25e-06,0.03959781181683811,0.04187594804906652,0.0247819220502126,0.03491420385477578,0.03742614903144617,0.01856233346011213
full_bagnn,2,296,6.25e-06,0.03951201123042256,0.041778015411104874,0.024774517349052713,0.034236207611799706,0.03662176700803446,0.018707973009154773
full_bagnn,2,297,6.25e-06,0.0394634335464891,0.04173660343680773,0.024678840278754815,0.03604730003372329,0.03863310850694083,0.01921366943180684
full_bagnn,2,298,6.25e-06,0.039515785914413674,0.041760389031173184,0.02491764187060635,0.03585330510732037,0.038446586242694564,0.0189702709632653
full_bagnn,2,299,6.25e-06,0.03953396454834874,0.04179909389973575,0.024801230878647145,0.03395579225646358,0.03635481747391262,0.018340171575377037
full_bagnn,2,300,6.25e-06,0.03947974710098028,0.04173110081728818,0.024837606918381328,0.03722152834109362,0.03998991261454242,0.019208993360421107
full_bagnn,2,301,6.25e-06,0.03943731152653561,0.04169891953117333,0.024728272525954265,0.035627298414635696,0.03826060122460648,0.0184870505980947
full_bagnn,2,302,6.25e-06,0.03939768623713131,0.04166946035583871,0.024622913314579307,0.03431054974293461,0.03679375664841581,0.018151850127323517
full_bagnn,2,303,6.25e-06,0.03938199136311926,0.04163902935082319,0.024702484096377396,0.03485403365922975,0.037279147156321635,0.01906558550820322
full_bagnn,2,304,6.25e-06,0.03938225581167444,0.04167786221882104,0.024451920710468627,0.03448033153372161,0.0369618186378094,0.01832930219601464
full_bagnn,2,305,6.25e-06,0.03947286631183799,0.0417182934542366,0.024869439270844097,0.0347497183465425,0.037203993196008,0.01877320264609785
full_bagnn,2,306,6.25e-06,0.0394320014550991,0.04172823509045675,0.024497627910489317,0.03424704896507484,0.036636184415835285,0.01869487688645952
full_bagnn,2,307,6.25e-06,0.0394316522028129,0.04168833544048908,0.02475459847604913,0.034492299253045554,0.036844740041456873,0.019175510361371387
full_bagnn,2,308,6.25e-06,0.03943365371650958,0.0416902488265237,0.02475781539414394,0.035181802460442634,0.03767250883605609,0.01896848192989512
full_bagnn,2,309,6.25e-06,0.03936069708482883,0.04162238735054879,0.02465161394120092,0.03468594205031177,0.0370491230408682,0.019299436538342468
full_bagnn,2,310,6.25e-06,0.039463540499832674,0.04169989685718454,0.02491866427600973,0.03471785477138124,0.03723147574798739,0.018356655108309118
full_bagnn,2,311,6.25e-06,0.0393172691249268,0.0415519513452909,0.024783520919205104,0.03643132238599603,0.03904287342891553,0.019427723864347306
full_bagnn,2,312,6.25e-06,0.039379715799608424,0.041624813006888015,0.024778168838488428,0.035110704321555476,0.03766494893691969,0.018484677808506916
full_bagnn,2,313,6.25e-06,0.03934363987781353,0.04156252408805104,0.024913070527334172,0.03427366423802666,0.03670093988568576,0.01847439795508526
full_bagnn,2,314,6.25e-06,0.0393766865681746,0.04162933299531229,0.024726187294079684,0.03411519602150779,0.03646742429112232,0.018803579259060097
full_bagnn,2,315,6.25e-06,0.03933376196679897,0.04157771764246211,0.024740000997167548,0.03364232534615022,0.035925131146313745,0.018783239012428028
full_bagnn,2,316,6.25e-06,0.03932625808079814,0.0415649331538854,0.024765995049996197,0.03368544687549108,0.03590086510412877,0.019260077497336395
full_bagnn,2,317,6.25e-06,0.039246765171106306,0.04147311508587951,0.024767100658085885,0.03410316627165689,0.03652059950283059,0.01836850642453974
full_bagnn,2,318,6.25e-06,0.039288717977758014,0.04155371696945281,0.02455729535586055,0.0347928078839433,0.03723226683894546,0.018913218961355935
full_bagnn,2,319,6.25e-06,0.03934437119856616,0.04160737082921367,0.024626585125473825,0.03587093823029238,0.03851308222478354,0.018670103256317242
full_bagnn,2,320,6.25e-06,0.03925836886811811,0.041487159334084846,0.02476277240606673,0.03403845920005856,0.03637297939417274,0.018842505344116387
full_bagnn,2,321,6.25e-06,0.03931023047780239,0.04156446255595766,0.024648764547881317,0.03450765840402937,0.036933392458783514,0.018717156786795634
full_bagnn,2,322,6.25e-06,0.03920072634740079,0.041463470369518515,0.02448426563679803,0.033649473149454115,0.03590869100507656,0.018941471878902473
full_bagnn,2,323,6.25e-06,0.03931224623697327,0.04158707401016167,0.024517162509494997,0.033943033260755595,0.03636449484923805,0.01818372805772112
full_bagnn,2,324,6.25e-06,0.03929781482735551,0.04152272003316104,0.02482785898891612,0.03386861250416915,0.036220521819671184,0.018560436118728544
full_bagnn,2,325,6.25e-06,0.039255063234806487,0.04148735057735198,0.024736818152313364,0.0347909992494361,0.037143370878852715,0.01947585667974166
full_bagnn,2,326,6.25e-06,0.03937283629919805,0.04163427190695547,0.02466473204170543,0.036219531496398304,0.038958063721118034,0.018404467235075862
full_bagnn,2,327,6.25e-06,0.03921481424081192,0.04143879063748947,0.02475041141464346,0.034141953165476926,0.036493515412876903,0.01883208562177361
full_bagnn,2,328,6.25e-06,0.0392700184105001,0.04151516485040683,0.024667915040705122,0.033985041986759515,0.03626346043920433,0.019151690105103834
full_bagnn,2,329,6.25e-06,0.0392911866458852,0.0414987979421291,0.024933409040258096,0.03510385735811325,0.037695243501444535,0.018237566026649825
full_bagnn,2,330,6.25e-06,0.03922738926092759,0.04145863637486115,0.02471580415735072,0.03482984035769953,0.03726976034233201,0.018945225157309672
full_bagnn,2,331,6.25e-06,0.03913857096065649,0.04136551872642793,0.024654773322592013,0.03409079098412351,0.03635509169201799,0.01935020856546173
full_bagnn,2,332,6.25e-06,0.039290263702426824,0.04151103598705997,0.024846597297278214,0.037444756959258314,0.040388402709235036,0.018285905761105958
full_bagnn,2,333,6.25e-06,0.03917869642275066,0.041411096580328786,0.02465969009874507,0.03563291400048398,0.03816401515246583,0.01915499213015234
full_bagnn,2,334,6.25e-06,0.039219343561686854,0.04142779686777657,0.024855455351583546,0.03709131797275824,0.03998530692566732,0.01826423292205007
full_bagnn,2,335,6.25e-06,0.03920271493941277,0.04140172286015084,0.024900833519852884,0.03641912410292143,0.03893101379575958,0.020062185886100477
full_bagnn,2,336,3.125e-06,0.03926838893538474,0.041471276414598364,0.024940955091998392,0.03447731099816753,0.036920254166873695,0.018574982096082486
full_bagnn,2,337,3.125e-06,0.03893778697250186,0.0411504557417788,0.02454637469515308,0.03361533980291742,0.035947131799656515,0.018436785191453847
full_bagnn,2,338,3.125e-06,0.038994208945021334,0.04119103150924512,0.024706529004149148,0.035091520168945206,0.037620500462292795,0.01862762003925669
full_bagnn,2,339,3.125e-06,0.038973566448417686,0.04118116163835799,0.024615896176755747,0.03436642765226226,0.036748873549688615,0.018856290924091485
full_bagnn,2,340,3.125e-06,0.03900141664811439,0.04122237918575394,0.024556812379543574,0.03445447355609068,0.03685574807473904,0.01882209644837351
full_bagnn,2,341,3.125e-06,0.03896696085159472,0.041185809977338055,0.02453619228918291,0.03451405835089208,0.036919524460477325,0.01885371189113191
full_bagnn,2,342,3.125e-06,0.039014552669837235,0.04121263682165914,0.024718830884493215,0.0344715598853926,0.03685145571502537,0.01897807411141069
full_bagnn,2,343,3.125e-06,0.038940861215347136,0.04115417428892174,0.02454597861534435,0.03425774094139311,0.036611943332724675,0.018930819376117135
full_bagnn,2,344,3.125e-06,0.03887054564472429,0.041100618820544554,0.02436654699211138,0.033574284159571734,0.03588920830924033,0.018506301983903132
full_bagnn,2,345,3.125e-06,0.038943867938621035,0.04115570802456539,0.024558139319362453,0.03377581244179447,0.03607802889570201,0.018787416319551782
full_bagnn,2,346,3.125e-06,0.038951554426934265,0.04115413294813698,0.024626365588456017,0.0338579977721166,0.036252760778303306,0.018270832855261526
full_bagnn,2,347,3.125e-06,0.038964137977937095,0.041163942222585646,0.024657050524306248,0.034313854544136525,0.036799078133980985,0.018140215930522934
full_bagnn,2,348,3.125e-06,0.0389545452684556,0.04114706369475326,0.024694479162094694,0.03453959844046151,0.03701747510367964,0.01841089187412326
full_bagnn,2,349,3.125e-06,0.038889960408215324,0.041069132204246954,0.024717581971530976,0.03420283932524716,0.03663842425677104,0.01835069651859125
full_bagnn,2,350,3.125e-06,0.03885241875529115,0.04104451466144908,0.024595209996364872,0.03494806778270171,0.03731050219242942,0.019564477024970713
full_bagnn,2,351,3.125e-06,0.03888700264430937,0.04109724141493008,0.024512166677990315,0.03551669147804845,0.03812229502745936,0.018556449569694135
full_bagnn,2,352,3.125e-06,0.0388905865026414,0.04108096256084048,0.024645182039732542,0.03489492960914203,0.03733921301360151,0.01898114451432039
full_bagnn,2,353,3.125e-06,0.038835823641410194,0.04104943689941037,0.024438496565600112,0.03414385493702196,0.036513081505380136,0.01872085304551291
full_bagnn,2,354,3.125e-06,0.038912667660687766,0.041119867863385305,0.024557315902523802,0.037057403590564766,0.039898536904332045,0.018570386654596028
full_bagnn,2,355,3.125e-06,0.038842870711360875,0.041046170600645616,0.02451337294745217,0.03457351261756785,0.03701881192599132,0.018655203959283866
full_bagnn,2,356,3.125e-06,0.03892636656434118,0.04111997502699928,0.024659761088224035,0.03451479218192683,0.03688418830986001,0.01908939001483297
full_bagnn,2,357,3.125e-06,0.03881706649819064,0.04100374890295624,0.02459537260145489,0.03388474192113217,0.03626065235609696,0.018417961131117083
full_bagnn,2,358,3.125e-06,0.03889095985627293,0.04110187461470407,0.024511576732283238,0.03377432381079662,0.03604764914747951,0.018973354711349193
full_bagnn,2,359,3.125e-06,0.03883873516113448,0.04100901846067799,0.024723594847559198,0.03425172558661678,0.0366787212141426,0.0184548078336771
full_bagnn,2,360,3.125e-06,0.038834653049196144,0.041022425347042785,0.024605839662268605,0.03342773691602534,0.03575161827301764,0.01830092706966943
full_bagnn,2,361,3.125e-06,0.038845652128330965,0.04105991214992557,0.024444588386590863,0.03380182449298958,0.03616358806649896,0.018427900841518387
full_bagnn,2,362,3.125e-06,0.03880952143116261,0.04099979033904932,0.024564453740113453,0.03375275737166387,0.036125874086073685,0.018306302455412635
full_bagnn,2,363,3.125e-06,0.03888222550739312,0.04107789569166267,0.0246020082185611,0.033953352432367835,0.03626847784445264,0.018881371333392693
full_bagnn,2,364,3.125e-06,0.03878232681512356,0.040982725447152944,0.02447089912193422,0.03411950972962399,0.03647802713166928,0.018766684655115357
full_bagnn,2,365,3.125e-06,0.038932777006565986,0.04112711887698299,0.024660938077807507,0.034033994088316546,0.03639507232110497,0.018662407309283768
full_bagnn,2,366,3.125e-06,0.03883689215721496,0.04101091049240109,0.024698023081755123,0.03440606833497168,0.036847991605186585,0.018510173373212566
full_bagnn,2,367,3.125e-06,0.03889064830288308,0.04106627754849421,0.024741083310686376,0.03642125501342617,0.03919139077529028,0.01839735609289754
full_bagnn,2,368,3.125e-06,0.03882357315180516,0.04098952358187497,0.024736930015598572,0.03402311894881467,0.036357656501057975,0.01882521307342574
full_bagnn,2,369,3.125e-06,0.038833042597308826,0.04102981535258979,0.02454543620127795,0.03385241181123472,0.036255499351241526,0.018212191292600047
full_bagnn,2,370,3.125e-06,0.03879505184418319,0.04098386459792432,0.024560059512677125,0.03412883335725698,0.036506572518980665,0.01864961639224227
full_bagnn,2,371,3.125e-06,0.03880691974767567,0.04099062032060238,0.024605373815752122,0.03640677114842118,0.03916361036317632,0.018468217754883495
full_bagnn,2,372,3.125e-06,0.038810017477760014,0.04098780865426069,0.024645993258170407,0.03331938128796612,0.03557478323869846,0.018636398818892962
full_bagnn,2,373,3.125e-06,0.038801661419156315,0.04098252685045004,0.024618046533825738,0.03347993314953404,0.035801947622482705,0.018365887585351477
full_bagnn,2,374,3.125e-06,0.03880188967009726,0.04097598640726337,0.024661709580737563,0.03460880097939799,0.03710247692937987,0.01837716585392779
full_bagnn,2,375,3.125e-06,0.03886634390575656,0.0410345298288457,0.024764701588586867,0.034019664817641966,0.036415085731926776,0.018427132388816086
full_bagnn,2,376,3.125e-06,0.03873954068369603,0.04093419099670916,0.02446646053387181,0.03391240955222415,0.03629615098502777,0.018395739941816865
full_bagnn,2,377,3.125e-06,0.03884083180022997,0.04102400865115332,0.02464225276439262,0.033284986057686955,0.03560565664417866,0.018179866439904522
full_bagnn,2,378,3.125e-06,0.03874020595517284,0.04091485338168192,0.024596642079298268,0.033928463880258254,0.03629469455532587,0.018525688085202063
full_bagnn,2,379,3.125e-06,0.03881228635886165,0.040975145856553825,0.02474568891611839,0.033101347613483836,0.0353533622544797,0.01844117231620371
full_bagnn,2,380,3.125e-06,0.03878265688152504,0.040969938868712134,0.02455680856820883,0.033555577475315485,0.03587987938111621,0.018425393699207135
full_bagnn,2,381,3.125e-06,0.038685846710925544,0.04083519198306609,0.024706811300603777,0.033695405482833285,0.0360876023699063,0.018126547906008993
full_bagnn,2,382,3.125e-06,0.03874547411296785,0.0409162547157315,0.024626850359047377,0.03325140425840909,0.03553093782919936,0.018412256436073096
full_bagnn,2,383,3.125e-06,0.03866582962000185,0.0408442581985898,0.024497731467401185,0.03460671304432111,0.037042189856180324,0.018751590279871982
full_bagnn,2,384,3.125e-06,0.03870262172581708,0.040879507321715844,0.024544367733580704,0.034220875438377846,0.03654926181489091,0.019062678499395906
full_bagnn,2,385,3.125e-06,0.038687238867468735,0.040886815489752655,0.02438137355092246,0.03342810778804259,0.03576010235802229,0.01825059022368027
full_bagnn,2,386,3.125e-06,0.038698205163453896,0.040868792591301245,0.024581549199317976,0.0344657430156847,0.03694780319362212,0.01830943824985913
full_bagnn,2,387,3.125e-06,0.03873203922912172,0.04089226494026956,0.024682236394467268,0.03364860140145089,0.03598349969407022,0.018448504009155143
full_bagnn,2,388,3.125e-06,0.03878155363729319,0.040938847183740225,0.024750670920733006,0.034005166257692676,0.036383830758059746,0.018520839627199845
full_bagnn,2,389,3.125e-06,0.03866045901256253,0.04083278886722822,0.024531797642975542,0.03386572337785988,0.03617831767485393,0.018810489643867542
full_bagnn,2,390,3.125e-06,0.038677292789528445,0.04085550303466796,0.024510886200443865,0.03375543617700715,0.03602816799128949,0.018957105355356572
full_bagnn,2,391,3.125e-06,0.038720865396484706,0.04090621194582134,0.02450748288126993,0.033740946875283964,0.036055238343228095,0.018673829105716574
full_bagnn,2,392,3.125e-06,0.03871877873650057,0.04087194618423215,0.024715213770039435,0.03368676413655228,0.036000998795507534,0.018621179561725182
full_bagnn,2,393,3.125e-06,0.03867295647467741,0.040830911513075156,0.024637850494299316,0.033372260611036465,0.03564562571208803,0.01857207341677556
full_bagnn,2,394,3.125e-06,0.03879322613806922,0.0409393880646,0.024834697390123575,0.034023418474835476,0.036424336183113054,0.018394172132060054
full_bagnn,2,395,3.125e-06,0.03871655206315481,0.040857633005435164,0.02479104007736957,0.03366184650608122,0.0359754554963336,0.01860028545677553
full_bagnn,2,396,3.125e-06,0.038677698961906,0.04081475471459671,0.024778725406193403,0.03333272429886682,0.03555182861100514,0.018883682259740256
full_bagnn,2,397,3.125e-06,0.038620392480795164,0.04078540388537692,0.02454014461191888,0.03372995069850761,0.036029148030136696,0.01876171344127383
full_bagnn,2,398,3.125e-06,0.03857904779543502,0.04073234904023481,0.024574408461453486,0.03452694075252278,0.03697397362433276,0.018598904015802508
full_bagnn,2,399,3.125e-06,0.03863943224681904,0.04078647422894864,0.024675368596718716,0.03384688150355067,0.03619843925620414,0.018538670716528777
full_bagnn,2,400,1.5625e-06,0.038676995653158346,0.04083714946484741,0.02462707061615919,0.03501537146005115,0.03750971516179838,0.018779773379557538
full_bagnn,2,401,1.5625e-06,0.03858186795475985,0.04075004373536095,0.024480275121568473,0.034043982105997295,0.03640801024568269,0.018654841159045824
full_bagnn,2,402,1.5625e-06,0.03856030129604956,0.04068966370695962,0.024711042134278285,0.03334282860752827,0.0356008855318814,0.018643158185228506
full_bagnn,2,403,1.5625e-06,0.03850387601314018,0.04066329467794105,0.024459835996941383,0.03358055850781546,0.03586853775579874,0.018686099958690864
full_bagnn,2,404,1.5625e-06,0.03850204756585494,0.040661820608047926,0.024455157100282614,0.033560787193312965,0.03585005706923527,0.018657367030930072
full_bagnn,2,405,1.5625e-06,0.038486983890776,0.040643557541982296,0.024460419306704916,0.03332756927168935,0.035543614054294764,0.018899892656393795
full_bagnn,2,406,1.5625e-06,0.03854152991806007,0.040703080951877996,0.02448278110413223,0.03334315259350732,0.03565812382866827,0.01827436717035648
full_bagnn,2,407,1.5625e-06,0.03858011210158499,0.040734164785656876,0.02456990310015756,0.03361466971923344,0.035899372359887334,0.018740039638943204
full_bagnn,2,408,1.5625e-06,0.03853941126192301,0.04071664685249669,0.024379354091372533,0.033613608471572715,0.035888881241769505,0.01880091789287031
full_bagnn,2,409,1.5625e-06,0.03855844172953113,0.040694871321526487,0.024663164909386002,0.03378176022794145,0.03614090369756015,0.018425134414712076
full_bagnn,2,410,1.5625e-06,0.038529858195443266,0.04067677077705856,0.02456668469935118,0.0338200226156049,0.03605311718557063,0.019279349714275126
full_bagnn,2,411,1.5625e-06,0.03849114188979008,0.04063637583138344,0.024538770643296667,0.03353291442902296,0.03580973931487453,0.018711374910575482
full_bagnn,2,412,1.5625e-06,0.038496203268223235,0.040632162287830204,0.02460421017429912,0.03352567009454918,0.03575762005148565,0.01899365088423909
full_bagnn,2,413,1.5625e-06,0.038545070258603945,0.04069623472950634,0.024553814422832713,0.03387441544022106,0.0362321798359051,0.018526805853851393
full_bagnn,2,414,1.5625e-06,0.03850753635197022,0.04065621547395094,0.02453317501634771,0.03342823536209573,0.03566122872242432,0.018889234786369696
full_bagnn,2,415,1.5625e-06,0.03851807901384852,0.040671990644449464,0.024509604537173206,0.03285929220974378,0.035071192944812264,0.018459969630311424
full_bagnn,2,416,1.5625e-06,0.038506780412496375,0.040644711513260795,0.024601605068291576,0.03577919503461297,0.03845329764642949,0.018378722808966793
full_bagnn,2,417,1.5625e-06,0.03840612648993911,0.040550427844214795,0.02446022150120438,0.03323550944349491,0.03544022057282624,0.01888095938739441
full_bagnn,2,418,1.5625e-06,0.03840766230760905,0.04054866277903283,0.024483318991962585,0.033495348771081575,0.03580584850552037,0.01845520932005784
full_bagnn,2,419,1.5625e-06,0.038492740162121945,0.040656982660596,0.024416754401884865,0.0335563571867559,0.03585561324486663,0.018588050693770293
full_bagnn,2,420,1.5625e-06,0.03846415805353902,0.04064129623722122,0.024304581661424393,0.0333428668663269,0.0356357023958028,0.0184167045465837
full_bagnn,2,421,1.5625e-06,0.03847913232257937,0.04061178556331239,0.02460856043124291,0.03401853452526745,0.03638475637908192,0.018615261957172717
full_bagnn,2,422,1.5625e-06,0.03851021801172432,0.04064751742333746,0.02460971298653189,0.0331666361572691,0.03543572726139578,0.018394971431352648
full_bagnn,2,423,1.5625e-06,0.03842406717649255,0.040549357109936755,0.02460173705795105,0.03379443826584208,0.036140554531362966,0.018520595709814965
full_bagnn,2,424,1.5625e-06,0.03852686416013675,0.040639891804267414,0.024784093593271696,0.034436628326192514,0.036836605141269595,0.018813552814809884
full_bagnn,2,425,1.5625e-06,0.038471600893154566,0.040582806741638174,0.02474013233766192,0.03328834909096835,0.03561209762580782,0.01816138387015835
full_bagnn,2,426,1.5625e-06,0.03835535770958105,0.04050061381051263,0.024403121822772596,0.03384968295359706,0.03614792505242977,0.018887999598405692
full_bagnn,2,427,1.5625e-06,0.03837165451611658,0.040513440362730926,0.024442362043009442,0.03393326131350209,0.03625634611402936,0.018810515522451172
full_bagnn,2,428,1.5625e-06,0.03843031933106252,0.040572226237246746,0.024499860313955225,0.033443187431971284,0.03572068391040312,0.018614838690144114
full_bagnn,2,429,1.5625e-06,0.038496447572880836,0.04063079629893976,0.024614924247237477,0.035758940481072816,0.038423581965256096,0.018421264518577268
full_bagnn,2,430,1.5625e-06,0.03847711899875618,0.04061332863453365,0.024583329068853025,0.0338288285203838,0.03610828972423198,0.018988622610167254
full_bagnn,2,431,1.5625e-06,0.0384693054844169,0.04062494755686709,0.024449109313063874,0.03329364168003327,0.03560009525148726,0.018279672068899838
full_bagnn,2,432,1.5625e-06,0.03844537366666617,0.040578969020305104,0.024569053972335473,0.03325621245928178,0.0355497165659377,0.018326859484819297
full_bagnn,2,433,1.5625e-06,0.038464762753134436,0.04061218386960415,0.024498324256824563,0.03363690742771074,0.035929930270146175,0.018709825328427656
full_bagnn,2,434,1.5625e-06,0.03842274611760478,0.04056565480221382,0.024485243850528915,0.032989268862000036,0.035207158806120756,0.018551055557132146
full_bagnn,2,435,1.5625e-06,0.038454319113194205,0.04059996306919959,0.024499569443537688,0.033187818397943825,0.03548165829432642,0.018256851451503738
full_bagnn,2,436,1e-06,0.038399989058148815,0.04055264640690251,0.024399129095784285,0.03391605453613656,0.03624504982733338,0.018752595814564336
full_bagnn,2,437,1e-06,0.03840220486011025,0.040515274789497874,0.02465900848960754,0.033471380350579616,0.035777337502998906,0.018460924496532492
full_bagnn,2,438,1e-06,0.03837962363303651,0.040521645662566136,0.024448019631075773,0.03289042607578651,0.035086785255269204,0.018591109145853938
full_bagnn,2,439,1e-06,0.038381397069877594,0.04052172582976285,0.024460841235284362,0.03334774665236364,0.035652791413006785,0.01834326515900329
full_bagnn,2,440,1e-06,0.03838784388910329,0.04054386114228523,0.02436488373962467,0.03562045556267888,0.03821920059763394,0.018710309160746456
full_bagnn,2,441,1e-06,0.03830890028710607,0.04042893714349075,0.024520652215475395,0.033547122250437635,0.03590983164998584,0.01816880677514234
full_bagnn,2,442,1e-06,0.038438144870593334,0.04060632776146982,0.024336497110402085,0.03329941273419509,0.03558308483104799,0.018433073874962392
full_bagnn,2,443,1e-06,0.038398804621781926,0.04053791754870398,0.024486020692800967,0.033920265711561294,0.03629404156805775,0.01846855837568173
full_bagnn,2,444,1e-06,0.03835916098479142,0.040521618429337,0.024295010305804877,0.03342503393307626,0.03569424875637862,0.018651209861655544
full_bagnn,2,445,1e-06,0.03836556594977787,0.04048814076652426,0.024560733260944243,0.03298492189192735,0.03515923136522132,0.018828291039743164
full_bagnn,2,446,1e-06,0.038406200041539704,0.04055108349299237,0.024456193462529034,0.0339865500490628,0.036333458704152534,0.01870687123600544
full_bagnn,2,447,1e-06,0.03847046718443424,0.04060411217456164,0.024593214366747843,0.03339360991925924,0.03572550983803831,0.018215783663216994
full_bagnn,2,448,1e-06,0.03843223929926394,0.04055324839887736,0.02463778788856064,0.033076761314090396,0.035317252095807605,0.01849068518927941
full_bagnn,2,449,1e-06,0.03836681803635804,0.040503980314733075,0.024466865841679335,0.03356518723353014,0.03588839378914219,0.01844162161348798
full_bagnn,2,450,1e-06,0.03834630986561026,0.04047527997320291,0.02449965813785174,0.033770650459718325,0.03606016383278748,0.018864997579818587
full_bagnn,2,451,1e-06,0.038398516957847184,0.04055465612887512,0.02437541797969447,0.0336846009755149,0.03601174029953813,0.018534651819348696
full_bagnn,2,452,1e-06,0.03835919684237442,0.04046144966522483,0.024686907976449582,0.0336420842181575,0.035912873811191,0.01885827423044871
full_bagnn,2,453,1e-06,0.03837595782994289,0.04050881276477521,0.024504517800119974,0.033473496016175955,0.03580557364687487,0.018292588878377744
full_bagnn,2,454,1e-06,0.038339218149150985,0.040469807212481224,0.02448230562449612,0.033573010516661575,0.03588828897293077,0.01850027822241121
full_bagnn,2,455,1e-06,0.03832191073346688,0.04044774733260531,0.024495151936150178,0.03306750875203423,0.03526542094295468,0.018757583844824278
full_bagnn,2,456,1e-06,0.03843259385153653,0.04053281530337015,0.024773021900646324,0.0330085865874898,0.035211229611329574,0.018668810407641453
full_bagnn,2,457,1e-06,0.038432947323163616,0.04055255335513663,0.024647414106337008,0.03361314582835398,0.035934158402577736,0.01850251587666624
full_bagnn,2,458,1e-06,0.03832363820412068,0.04045710967149839,0.024447995328005283,0.03312230808611695,0.03538079031043369,0.018420378358932954
full_bagnn,2,459,1e-06,0.03832660408753724,0.04045738232175746,0.02446760756590368,0.033331207204614896,0.035637153447196555,0.018320067346339338
full_bagnn,2,460,1e-06,0.038316386306285796,0.040436427714891275,0.024528110544837695,0.03407608457018926,0.036389837863905455,0.019011657584681048
full_bagnn,2,461,1e-06,0.03834396279887799,0.0404730263286269,0.024497050530322917,0.033712389451889646,0.036010352557397894,0.018752468262862063
full_bagnn,2,462,1e-06,0.03833013421500541,0.040459139245472314,0.024484331873908388,0.033271397332885796,0.035525862065113045,0.01859285290383097
full_bagnn,2,463,1e-06,0.03835049999033702,0.04047380067763321,0.024540836121392406,0.0333241540312801,0.035601719369356764,0.018496919886361193
full_bagnn,2,464,1e-06,0.03836434354083687,0.040496418765259126,0.024497581236482907,0.0335709716966282,0.035810536548229945,0.018989934652506715
full_bagnn,2,465,1e-06,0.03833038085573293,0.04043984015316852,0.0246107202785104,0.03351861654339245,0.035845454112761486,0.01837204256321523
full_bagnn,2,466,1e-06,0.0382739125939009,0.04038399875917936,0.024550578392108755,0.0330089328938738,0.03524883283719596,0.018427036414119143
full_bagnn,2,467,1e-06,0.03837013503801693,0.04049683717892195,0.024538201798729224,0.03385321303363988,0.03622842388201891,0.018391664075888253
full_bagnn,2,468,1e-06,0.03830458823160731,0.04045198949666492,0.02433770960820727,0.033234927492947576,0.035494930959748434,0.018521524676352492
full_bagnn,2,469,1e-06,0.03831043470780864,0.04044539553426595,0.024424847456700413,0.03330364335527869,0.035559156821110424,0.0186193331375276
full_bagnn,2,470,1e-06,0.03836123302463383,0.04047304475286554,0.024626294876148716,0.033606476285860915,0.035908900582015624,0.018617129868152033
full_bagnn,2,471,1e-06,0.038323699030717875,0.04043113621098251,0.02461749554945116,0.03388426691778685,0.036253571264581015,0.018462488841225755
full_bagnn,2,472,1e-06,0.03835389290486242,0.04048913516634514,0.02446660175346637,0.033013616009326494,0.03523819047312881,0.01853116069524255
full_bagnn,2,473,1e-06,0.03825132745900722,0.04037606625429266,0.02443230474440007,0.033338246318024185,0.03560079310134181,0.018607932242467425
full_bagnn,2,474,1e-06,0.03831799509703918,0.04043572294407159,0.02454466408205613,0.033490666182357326,0.03578268773105221,0.0185704526777203
full_bagnn,2,475,1e-06,0.03838762176775655,0.04048643714297798,0.024736875572489724,0.03391980599794514,0.03626751470263097,0.01863641484766007
full_bagnn,2,476,1e-06,0.03828848395235565,0.0403893504169285,0.02462431108712673,0.03382794963359451,0.036208833760512336,0.018328452197719725
full_bagnn,2,477,1e-06,0.03831884871706071,0.0404472574888248,0.024475661083219587,0.033606572701480986,0.03594147407522763,0.01840714062805524
full_bagnn,2,478,1e-06,0.03827239155988929,0.040402199360340896,0.024420835252755842,0.03360684584119089,0.03588507963036874,0.01877441818330414
full_bagnn,2,479,1e-06,0.03833408101273408,0.04044839412117135,0.024582787723711415,0.033477640193317226,0.035823152836922806,0.018210478510930786
full_bagnn,2,480,1e-06,0.038274270460269905,0.04040064189858455,0.024444158610569658,0.033118085334896054,0.035315658835649626,0.018810859821331072
full_bagnn,2,481,1e-06,0.038349196370879995,0.04045313454335919,0.024666114675031218,0.033492392907792705,0.03574277334149386,0.0188400702619426
full_bagnn,2,482,1e-06,0.03832206293021435,0.04041224919500076,0.024727983711436564,0.03359919384436032,0.03591725021646694,0.018509265532865665
full_bagnn,2,483,1e-06,0.03829005081673326,0.04043778059885994,0.02432125670082433,0.03326243471506423,0.03547480270457481,0.018858418953008747
full_bagnn,2,484,1e-06,0.03832072504476543,0.040447340686348976,0.0244892692030141,0.03323796706197211,0.035476393075812775,0.0186650242493922
full_bagnn,2,485,1e-06,0.038221797352186754,0.04030780964137491,0.024654794384996143,0.03387727009830358,0.036244261712883794,0.01846832642597604
full_bagnn,2,486,1e-06,0.038235837014707966,0.040369797096855016,0.02435720200682465,0.033840134994128905,0.036109856838882876,0.0190607692201958
full_bagnn,2,487,1e-06,0.03833658827147411,0.04044962383801987,0.02459369123903447,0.033167934322096276,0.03542767069983814,0.01845806673221506
full_bagnn,2,488,1e-06,0.038360885054930134,0.04050281796046996,0.0244298205162389,0.033148041984788976,0.035388951842055115,0.018559068742623155
full_bagnn,2,489,1e-06,0.038278022855002106,0.04039096861761222,0.024535964075090698,0.032937862340688275,0.0351112955214613,0.018787935192204976
full_bagnn,2,490,1e-06,0.038315102081616995,0.04045463877663899,0.024399915163188582,0.03327540552868569,0.035576858824759534,0.018292728417272225
full_bagnn,2,491,1e-06,0.03823803572335412,0.04038442080416238,0.024278166709554128,0.03387566798970757,0.03616199658635869,0.018989973305363082
full_bagnn,2,492,1e-06,0.038266059045301185,0.040378125897703995,0.02452926306032192,0.03292301257444876,0.035159475059832246,0.01836406746546882
full_bagnn,2,493,1e-06,0.03822472749715309,0.04032860591721824,0.024541138133018094,0.03348030889047969,0.03580533887197929,0.018345818141966647
full_bagnn,2,494,1e-06,0.03826184271168826,0.04036127395231752,0.024607392633473998,0.03308638656090491,0.03532448811847009,0.018516654210965367
full_bagnn,2,495,1e-06,0.03818183335083151,0.040297807620477,0.0244197009925653,0.0330505646595575,0.03526589036160921,0.018627666009023176
full_bagnn,2,496,1e-06,0.03828008954185659,0.04039178053632509,0.024546094406881266,0.03373384134390326,0.036039429413100725,0.018724584425426467
full_bagnn,2,497,1e-06,0.03826189576517406,0.04037095907619438,0.02454480939622412,0.03313967040051208,0.0354231937012856,0.018275004475922427
full_bagnn,2,498,1e-06,0.03822879006173665,0.040358376477251975,0.024378593503365156,0.0332972808088266,0.035584874119354855,0.018405023340484186
full_bagnn,2,499,1e-06,0.03829220951275039,0.040412810170336766,0.024499848911748355,0.03330363762484903,0.03558130844868845,0.018476217493294544
full_bagnn,2,500,1e-06,0.03825320004658263,0.04036874567520541,0.024493958890616375,0.03343356662503676,0.035720753162184385,0.018542343523538278
