model,split,region,variable,metric_space,num_seeds,MAE_mean_across_seeds,MAE_std_across_seeds,MAE_ci95_across_seeds,MAE_n_seeds,RMSE_mean_across_seeds,RMSE_std_across_seeds,RMSE_ci95_across_seeds,RMSE_n_seeds,R2_mean_across_seeds,R2_std_across_seeds,R2_ci95_across_seeds,R2_n_seeds
basic_gcn,test,airfoil,Cp,physical,3,0.20220960738758245,0.005489530385445536,0.006211988417692756,3,0.373653467418626,0.00620590363063454,0.0070226410581549865,3,0.7459980606917709,0.006083234423437558,0.0068838277825539335,3
basic_gcn,test,airfoil,Cp,zscore,3,0.2831016045529395,0.007685563787414462,0.008697034150214047,3,0.523129924479872,0.00868851675631486,0.00983198227670924,3,0.7459980665431584,0.006083235339933242,0.006883828819666432,3
basic_gcn,test,airfoil,U,physical,3,0.7222513227413098,0.06380329370316147,0.07220022363762187,3,1.0279974007358152,0.10082440714280001,0.11409355726536884,3,nan,nan,nan,0
basic_gcn,test,airfoil,U,zscore,3,0.057608708849875255,0.005089126340803005,0.005758888587093155,3,0.08199583955574781,0.008042029679679758,0.009100413280772374,3,-164956257863.71884,31849405731.59978,36040995426.43074,3
basic_gcn,test,airfoil,V,physical,3,0.2857464558755358,0.03865865022058523,0.04374638093827045,3,0.5790680722954372,0.15207791222495906,0.17209235817931776,3,nan,nan,nan,0
basic_gcn,test,airfoil,V,zscore,3,0.033536887312463175,0.0045372071430281715,0.005134333220176959,3,0.06796283964455749,0.017848759706902344,0.02019777299410279,3,nan,nan,nan,0
basic_gcn,test,farfield,Cp,physical,3,0.024080491657756886,0.006274462817018683,0.007100223080995028,3,0.0305457573190021,0.006631488372670172,0.007504235530294435,3,-8.611750852039846,3.0344461593995757,3.4337990816627113,3
basic_gcn,test,farfield,Cp,zscore,3,0.03371365982069013,0.008784501491301605,0.009940599229371317,3,0.04276529253305247,0.009284351617080877,0.010506232894530653,3,-8.611748850854099,3.0344460321703077,3.4337989376892413,3
basic_gcn,test,farfield,U,physical,3,0.4886018121615052,0.050182600826018886,0.056786958667253584,3,0.6021096914075316,0.06485815846169425,0.07339391548412506,3,-16.14723343133383,1.8935552810997867,2.1427595164860627,3
basic_gcn,test,farfield,U,zscore,3,0.03897220970053846,0.00400270019936704,0.004529481673676261,3,0.048025904320335634,0.005173262529289772,0.005854097647193146,3,-16.147243172273416,1.8935535775993457,2.142757588793844,3
basic_gcn,test,farfield,V,physical,3,0.6427642648263524,0.05516417406819792,0.06242413946587899,3,0.7575501801135639,0.04149394890489061,0.04695482343715918,3,-20.60281954437544,2.7469563430051496,3.1084737288088995,3
basic_gcn,test,farfield,V,zscore,3,0.07543859585615185,0.006474391862877336,0.007326464094347852,3,0.08891054599468286,0.004869974525216852,0.005510894962037916,3,-20.602858236370277,2.746963701167467,3.1084820553534085,3
basic_gcn,test,global,Cp,physical,3,0.12803805815832067,0.007072055024861434,0.008002783629762086,3,0.24034321113334348,0.016673641706628353,0.018868001794278774,3,0.8509991794121552,0.0130536886048848,0.014771639234697669,3
basic_gcn,test,global,Cp,zscore,3,0.1792584463643531,0.00990116222737594,0.011204219807440682,3,0.33649018807336684,0.023343771082070894,0.02641596373554388,3,0.8509991833440039,0.013053688714802426,0.014771639359081172,3
basic_gcn,test,global,U,physical,3,3.8467533657948176,0.11765038831998373,0.13313394739894097,3,5.712539864083131,0.2954679632930835,0.3343534759625776,3,0.8154560861636576,0.024551562601609386,0.02778270850304765,3
basic_gcn,test,global,U,zscore,3,0.3068274074544509,0.009384113541371105,0.010619124139264574,3,0.45564756002277135,0.02356732086925381,0.02666893413396627,3,0.815456085594039,0.024551561441831096,0.027782707190634966,3
basic_gcn,test,global,V,physical,3,1.467731848359108,0.13553775068959587,0.15337540341814934,3,2.772406575456262,0.42694329738988945,0.4831318222464479,3,0.8834286075565408,0.032752746766836476,0.03706322203856407,3
basic_gcn,test,global,V,zscore,3,0.17226165720882514,0.015907510163954693,0.018001042339580064,3,0.3253859744717677,0.0501085842807996,0.05670320106153217,3,0.883428603089144,0.032752749256194445,0.03706322485553779,3
basic_gcn,test,interior,Cp,physical,3,0.12774179387682427,0.007216596780693629,0.008166348024174248,3,0.23796724150888618,0.017057066560625833,0.019301887861910873,3,0.853411224580615,0.013373251013528353,0.015133258142298019,3
basic_gcn,test,interior,Cp,zscore,3,0.17884366330690682,0.010103525781072818,0.011433215725754762,3,0.33316373637256524,0.02388057983196576,0.027023420021003965,3,0.8534112250839895,0.013373249119579425,0.01513325599909305,3
basic_gcn,test,interior,U,physical,3,3.9338838626941044,0.12177564992633616,0.13780212036079517,3,5.787498442331949,0.299751433470698,0.33920067877639604,3,0.8061720692644755,0.02522229410652017,0.028541712652279495,3
basic_gcn,test,interior,U,zscore,3,0.3137771702061097,0.009713155773181773,0.01099147047664144,3,0.4616264622658491,0.02390898180095805,0.027055559874512667,3,0.8061720682577415,0.025222295398972163,0.028541714114826602,3
basic_gcn,test,interior,V,physical,3,1.4964030870546896,0.13970982275738103,0.15809654740372134,3,2.8074099568029247,0.43322816975511147,0.4902438248401393,3,0.8828303329565733,0.032959503355320836,0.03729718914371969,3
basic_gcn,test,interior,V,zscore,3,0.17562668255219857,0.016397168425368255,0.01855514282449463,3,0.3294941751752049,0.0508462122169088,0.05753790564898206,3,0.8828303293238497,0.032959504644212934,0.03729719060223839,3
basic_gcn,train,airfoil,Cp,physical,3,0.12347267872363243,0.004670196199080694,0.005284824504106908,3,0.2320723167606893,0.005921913327043041,0.006701275776832427,3,0.890324251589762,0.0073183949945766725,0.00828154354750351,3
basic_gcn,train,airfoil,Cp,zscore,3,0.17286672958423951,0.0065384629588678906,0.007398967364801997,3,0.3249106015945047,0.008290917479581014,0.009382056339783541,3,0.8903242528104722,0.007318395167239253,0.008281543742889613,3
basic_gcn,train,airfoil,U,physical,3,0.40037817011050797,0.07382038723158574,0.08353563206208334,3,0.6337042436774629,0.10096710100874379,0.11425503057552094,3,nan,nan,nan,0
basic_gcn,train,airfoil,U,zscore,3,0.031935241492754805,0.005888118031390296,0.006663032799669215,3,0.050545956414662606,0.008053409855045893,0.009113291161502057,3,-53084764776.93643,18697394631.633057,21158093814.4873,3
basic_gcn,train,airfoil,V,physical,3,0.19448081782208357,0.0035414200608937145,0.004007494057922233,3,0.35322053213774063,0.03601743304304222,0.0407575623393227,3,nan,nan,nan,0
basic_gcn,train,airfoil,V,zscore,3,0.022825414983366613,0.0004156412748819289,0.0004703423798012258,3,0.04145604238140734,0.00422721785372093,0.004783547316907184,3,nan,nan,nan,0
basic_gcn,train,farfield,Cp,physical,3,0.015145907453283218,0.003531329056311345,0.003996075011266665,3,0.01904622635570544,0.0035912664878760985,0.004063900600073617,3,-4.326846157202351,1.3239788683295193,1.4982231298215911,3
basic_gcn,train,farfield,Cp,zscore,3,0.021204881503810096,0.004944003139123016,0.005594666224764175,3,0.0266654852249532,0.005027917884193251,0.0056896246980485225,3,-4.326846109093367,1.3239788125225513,1.498223066670062,3
basic_gcn,train,farfield,U,physical,3,0.32357690017260615,0.03190617507611187,0.03610523598724885,3,0.3982173083128218,0.039467490105189025,0.04466166943148076,3,-10.969452649266684,2.2947867465471705,2.596795661869517,3
basic_gcn,train,farfield,U,zscore,3,0.025809370468498776,0.002544924414055279,0.002879853079223249,3,0.031762891084615934,0.00314803437945178,0.003562336252933576,3,-10.9694607493636,2.2947862889007338,2.596795143993822,3
basic_gcn,train,farfield,V,physical,3,0.29554950558593035,0.02236669258470528,0.025310295329935954,3,0.38081032103525275,0.030486868704201694,0.03449913963211447,3,-10.61368759436805,1.2311518980566314,1.393179524322377,3
basic_gcn,train,farfield,V,zscore,3,0.034687431008748444,0.0026250871572681945,0.0029705657627142426,3,0.04469414224754609,0.0035781188501832245,0.004049022647437688,3,-10.6137146313325,1.2311541924985707,1.3931821207278527,3
basic_gcn,train,global,Cp,physical,3,0.07376820989011895,0.001532859443418744,0.0017345937520838368,3,0.12204471059785621,0.0034340641966091818,0.003886009461120463,3,0.9531379558748819,0.0025160769067063995,0.002847209051601932,3
basic_gcn,train,global,Cp,zscore,3,0.10327846947178514,0.002146065167304573,0.002428501352001878,3,0.1708675174543075,0.00480782823865546,0.00544056981849822,3,0.9531379561400927,0.002516076774522895,0.0028472089020222155,3
basic_gcn,train,global,U,physical,3,2.78448422914426,0.04633264406498964,0.05243032246545022,3,3.988626374367824,0.06416171685872736,0.0726058176201074,3,0.8915013857823358,0.003303245222430302,0.003737973856004181,3
basic_gcn,train,global,U,zscore,3,0.22209795922755363,0.0036956169138079214,0.004181984223217125,3,0.31814357991953607,0.005117711620720618,0.005791235876441533,3,0.8915013854842931,0.003303245457552165,0.003737974122069616,3
basic_gcn,train,global,V,physical,3,0.9744517053996752,0.028223409215273613,0.031937794099458884,3,1.6163482391595514,0.059255834430778524,0.06705428904094511,3,0.9515287255764706,0.003923045663642337,0.0044393440810963115,3
basic_gcn,train,global,V,zscore,3,0.11436739292528757,0.0033124655572275914,0.003748407647047559,3,0.1897041529649904,0.0069546138530200375,0.007869886433095998,3,0.9515287244184379,0.003923045726366909,0.004439344152075846,3
basic_gcn,train,interior,Cp,physical,3,0.07346176692079615,0.0014687443770839371,0.0016620407245011143,3,0.11938369999076036,0.0033812800724527486,0.003826278601670779,3,0.9546514833550216,0.0024054832135809432,0.0027220605065484843,3
basic_gcn,train,interior,Cp,zscore,3,0.1028494368910794,0.002056301291358798,0.0023269239640379153,3,0.16714199529340434,0.004733928482219788,0.0053569443717267,3,0.954651483628532,0.002405483206135753,0.0027220604981234584,3
basic_gcn,train,interior,U,physical,3,2.8501015681812425,0.046336690850715595,0.05243490183459356,3,4.041348451132696,0.06470210623722197,0.0732173257682639,3,0.8821853615870916,0.003531707032041505,0.003996502731070192,3
basic_gcn,train,interior,U,zscore,3,0.22733177485442127,0.003695939793121042,0.0041823495955554835,3,0.32234883460338737,0.005160814690117813,0.005840011591131498,3,0.8821853611496051,0.003531707345409233,0.003996503085679158,3
basic_gcn,train,interior,V,physical,3,0.9947047036255894,0.028869751610115436,0.03266919937253405,3,1.6369236262167302,0.06010583150917076,0.06801615128330461,3,0.9514723453241566,0.003932719482835503,0.004450291038042232,3
basic_gcn,train,interior,V,zscore,3,0.11674440406774955,0.0033883242489280963,0.0038342498377519313,3,0.1921190015825837,0.007054374394035522,0.007982776112507192,3,0.9514723443619751,0.003932719489009618,0.004450291045028901,3
basic_gcn,val,airfoil,Cp,physical,3,0.1388935535465197,0.005704150889915072,0.006454854381509792,3,0.25754822324730325,0.0069524381034245545,0.007867424340651302,3,0.869528501419271,0.009084572966440234,0.01028016206938825,3
basic_gcn,val,airfoil,Cp,zscore,3,0.19445657652916004,0.007986040741020193,0.009037055832311161,3,0.3605778995867452,0.009733694095255478,0.011014711775966234,3,0.869528501982415,0.009084573367204547,0.010280162522895762,3
basic_gcn,val,airfoil,U,physical,3,0.41184192245735224,0.07284886174732098,0.08243624748234826,3,0.6430323265055372,0.1047932665493146,0.1185847444769537,3,nan,nan,nan,0
basic_gcn,val,airfoil,U,zscore,3,0.032849620753472454,0.005810626179996045,0.006575342514794766,3,0.051289989109204216,0.008358594697260052,0.009458640321079737,3,-54775609775.4022,20107269750.98121,22753517702.658947,3
basic_gcn,val,airfoil,V,physical,3,0.20092762290593313,0.005023772416756917,0.005684933660037566,3,0.36252686617983776,0.037962000260956995,0.042958047296494724,3,nan,nan,nan,0
basic_gcn,val,airfoil,V,zscore,3,0.023582050030260687,0.0005896189282456403,0.0006672166280061613,3,0.042548288634344254,0.004455443647824609,0.005041809115284263,3,nan,nan,nan,0
basic_gcn,val,farfield,Cp,physical,3,0.015242960896401536,0.003517315430477915,0.003980217100798047,3,0.019157068406418894,0.0035587576177730012,0.004027113350459672,3,-6.14773370179465,1.694829682651855,1.9178803320788484,3
basic_gcn,val,farfield,Cp,zscore,3,0.021340760275277842,0.004924383572434122,0.00557246459503011,3,0.02682066852738349,0.004982404242281673,0.005638121163766,3,-6.1477329871029225,1.694829423279385,1.9178800385712682,3
basic_gcn,val,farfield,U,physical,3,0.32337378491736124,0.03245780425375903,0.036729463165495434,3,0.39793103699155635,0.040780418230829514,0.04614738746874049,3,-14.456928835012931,4.3696417290249165,4.9447151038889245,3
basic_gcn,val,farfield,U,zscore,3,0.02579316916945641,0.002588923976169646,0.002929643270923922,3,0.031740057625714614,0.00325275699079772,0.0036808410435211813,3,-14.456935688903343,4.369638372266421,4.9447113053591005,3
basic_gcn,val,farfield,V,physical,3,0.297689809572534,0.022794425243350572,0.025794320398531658,3,0.38267966270496073,0.032141426610234,0.036371448158892115,3,-21.120067595470253,4.2842489305524145,4.848084055726413,3
basic_gcn,val,farfield,V,zscore,3,0.03493862971663475,0.0026752882628668794,0.0030273736615030367,3,0.044913539189977814,0.0037723074039873296,0.0042687676825098825,3,-21.119903114214278,4.284203446854831,4.848032586077329,3
basic_gcn,val,global,Cp,physical,3,0.08123439821245948,0.0018996210622053435,0.0021496235939801743,3,0.13438711994819844,0.004169934076363117,0.004718724620522829,3,0.9461565131726247,0.0029207881319074838,0.003305182915837194,3
basic_gcn,val,global,Cp,zscore,3,0.11373143445167343,0.002659545669765144,0.003009559240387579,3,0.18814738863590733,0.005838076334806217,0.006606405289161909,3,0.946156513749277,0.0029207879865501577,0.003305182751349895,3
basic_gcn,val,global,U,physical,3,2.8438050617749675,0.048735216782832484,0.05514908943602288,3,4.08023713431741,0.06720086660579681,0.07604493931228054,3,0.8870549800094661,0.003535544487294264,0.004000845220483632,3
basic_gcn,val,global,U,zscore,3,0.22682954900342636,0.003887252471877498,0.004398840271651163,3,0.3254507004697033,0.005360122401305079,0.006065549498114348,3,0.8870549796471124,0.003535544554849234,0.0040008452969292774,3
basic_gcn,val,global,V,physical,3,1.0427113682943696,0.03195570014101714,0.03616127887397605,3,1.7379688182036872,0.06567362810557216,0.07431670625620646,3,0.9468914494228242,0.004410487836038905,0.004990936825213478,3
basic_gcn,val,global,V,zscore,3,0.1223787488654638,0.0037505092697927736,0.004244100771565567,3,0.2039782607371744,0.007707843659577896,0.008722246198988542,3,0.9468914482418893,0.00441048798795205,0.004990936997119386,3
basic_gcn,val,interior,Cp,physical,3,0.0808597009203792,0.001826867625265246,0.0020672953298325764,3,0.13134072174228006,0.004126611775328047,0.004669700821880386,3,0.9480082169786416,0.0027795959340967407,0.0031454089031467194,3
basic_gcn,val,interior,Cp,zscore,3,0.11320684308215445,0.0025576884059812545,0.0028942968958050657,3,0.1838823087649024,0.005777422990987179,0.00653776956937481,3,0.948008216835006,0.0027795961537398395,0.0031454091516962836,3
basic_gcn,val,interior,U,physical,3,2.9108732952570695,0.04880398784671467,0.05522691122082276,3,4.134220281645125,0.0677673790258395,0.07668600846477391,3,0.8775521021785083,0.0037845580411083046,0.0042826305834433795,3
basic_gcn,val,interior,U,zscore,3,0.23217909161935077,0.003892738371247463,0.004405048151188036,3,0.3297565424733166,0.005405308377615723,0.006116682243863979,3,0.8775521021183604,0.0037845581887342716,0.004282630750497888,3
basic_gcn,val,interior,V,physical,3,1.0646975937956518,0.03267737503616328,0.036977930896136886,3,1.760227283655463,0.0666110574132609,0.07537750737996153,3,0.9468333934242626,0.004420620387478627,0.00500240288656403,3
basic_gcn,val,interior,V,zscore,3,0.12495918226227276,0.003835208948431829,0.004339947480800133,3,0.20659064559144258,0.007817866214699617,0.008846748440548797,3,0.946833392108995,0.004420620628875654,0.0050024031597304805,3
full_bagnn,test,airfoil,Cp,physical,3,0.136841201755063,0.0023684301113993467,0.0026801309742515273,3,0.26331148873238513,0.007134315555719026,0.008073238052893105,3,0.8734671792940061,0.017974642206265115,0.02034022245209377,3
full_bagnn,test,airfoil,Cp,zscore,3,0.19158320342733837,0.0033158973624879224,0.0037522911002816415,3,0.3686467023255924,0.009988329499145793,0.011302858861169548,3,0.8734671834931027,0.017974643589499725,0.020340224017371088,3
full_bagnn,test,airfoil,U,physical,3,0.1724362205636377,0.02427599349057318,0.027470872698190936,3,0.28918776352268954,0.0201611570637515,0.022814496937545257,3,nan,nan,nan,0
full_bagnn,test,airfoil,U,zscore,3,0.013753984520735682,0.001936318692721844,0.0021911508722205274,3,0.02306639890399917,0.0016081090645061638,0.0018197467145066653,3,-14756488392.58454,3663942954.008766,4146141763.553092,3
full_bagnn,test,airfoil,V,physical,3,0.08052254711122563,0.013693766722157438,0.015495955810384772,3,0.13070933449392516,0.0089823606703231,0.010164497967899925,3,nan,nan,nan,0
full_bagnn,test,airfoil,V,zscore,3,0.009450600288982968,0.001607180886142093,0.001818696381811095,3,0.015340817119188915,0.0010542222493077744,0.001192964778870131,3,nan,nan,nan,0
full_bagnn,test,farfield,Cp,physical,3,0.01831617039764145,0.0009656040883914616,0.0010926838895122905,3,0.02717976288598341,0.0024986322871827986,0.002827468606277323,3,-4.239346994806441,0.6330587852273618,0.7163734537251947,3
full_bagnn,test,farfield,Cp,zscore,3,0.025643377452312655,0.0013518846940884614,0.001529801544408804,3,0.03805276451942821,0.0034981859708354685,0.0039585700793969706,3,-4.239346853681407,0.6330589131158678,0.7163735984446629,3
full_bagnn,test,farfield,U,physical,3,0.37010281688223284,0.02432280107758808,0.027523840469198747,3,0.4487970360865196,0.03624182936190634,0.041011490678521376,3,-5.868239576856493,1.0461167801406128,1.183792577051216,3
full_bagnn,test,farfield,U,zscore,3,0.029520420272213715,0.0019400576749453817,0.002195381928911307,3,0.03579728226177394,0.00289074579663506,0.003271186813138221,3,-5.8682493477638324,1.0461164992027714,1.1837922591401209,3
full_bagnn,test,farfield,V,physical,3,0.444749732905378,0.03917455765430629,0.04433018515791257,3,0.5155822254406909,0.051379456329606436,0.058141328167721204,3,-7.323313780020769,1.5352629462966052,1.7373135716295578,3
full_bagnn,test,farfield,V,zscore,3,0.052198439628894755,0.004597758836800712,0.005202853912107909,3,0.06051175908263152,0.006030197375480597,0.006823810712880584,3,-7.323322927757026,1.5352646333709155,1.73731548073386,3
full_bagnn,test,global,Cp,physical,3,0.10098272848020617,0.006044406636628952,0.006839890005548601,3,0.18393746328850588,0.01700819247663252,0.019246581629432997,3,0.9153289450831718,0.012820358186212947,0.014507601009838235,3
full_bagnn,test,global,Cp,zscore,3,0.1413798925001174,0.008462412471682109,0.009576121192297851,3,0.25751986585091796,0.02381215351041167,0.026945988348872907,3,0.9153289473906326,0.012820357047210814,0.014507599720935987,3
full_bagnn,test,global,U,physical,3,2.7312244601547717,0.19862421371617126,0.22476445678295412,3,4.097745096186796,0.381308479446125,0.4314911643749141,3,0.9043810577222727,0.021619475983910442,0.024464740146936715,3
full_bagnn,test,global,U,zscore,3,0.21784981892754632,0.015842801793095086,0.017927817924724213,3,0.3268471819038193,0.030414193147898977,0.0344168994982045,3,0.9043810569316055,0.021619477073339992,0.024464741379742302,3
full_bagnn,test,global,V,physical,3,1.014906340278685,0.10641357486110013,0.12041829593931366,3,1.9565269824117422,0.33278828897377827,0.37658540011544506,3,0.9369490744887714,0.019266540322289985,0.02180214279319673,3
full_bagnn,test,global,V,zscore,3,0.11911538672478249,0.012489324943161403,0.01413300163114465,3,0.22962953556949894,0.03905799464915238,0.04419828170040238,3,0.9369490721380732,0.01926654115263711,0.021802143732822955,3
full_bagnn,test,interior,Cp,physical,3,0.10115198441781104,0.006181037802936684,0.006994502725217625,3,0.18274644874036314,0.01728123336001452,0.019555556475372927,3,0.9162022627703189,0.012816330614226854,0.01450304338308835,3
full_bagnn,test,interior,Cp,zscore,3,0.14161685802197704,0.00865370210762367,0.009792585792993781,3,0.25585239885064465,0.024194423482383612,0.027378567544466284,3,0.9162022620926159,0.012816330430697697,0.014503043175405557,3
full_bagnn,test,interior,U,physical,3,2.7988248546918233,0.20409286063185428,0.2309528133299444,3,4.152560917039712,0.3865027406473034,0.4373690242562875,3,0.8994002523703575,0.022102508998450374,0.025011343459242042,3
full_bagnn,test,interior,U,zscore,3,0.22324180741173527,0.01627899621465578,0.01842141837947009,3,0.331219439363728,0.030828498213414112,0.03488572981476401,3,0.8994002526788577,0.022102507817260517,0.025011342122599887,3
full_bagnn,test,interior,V,physical,3,1.036779715679586,0.10892859857314928,0.12326431318896659,3,1.9820473334441582,0.3373508614109383,0.3817484368680364,3,0.9365187028009089,0.019419630056857724,0.02197538013614392,3
full_bagnn,test,interior,V,zscore,3,0.1216825749569883,0.012784502074719708,0.014467026000017716,3,0.232624754589051,0.039593484539562115,0.04480424555586009,3,0.9365187004261241,0.01941963038293444,0.02197538050513446,3
full_bagnn,train,airfoil,Cp,physical,3,0.07487922825301871,0.0011950741301318517,0.0013523536866370375,3,0.13864114499413369,0.0019300061432476635,0.0021840075500296732,3,0.9625327325588873,0.001370454282553081,0.0015508150119304298,3
full_bagnn,train,airfoil,Cp,zscore,3,0.10483393951472753,0.001673152038126921,0.0018933497680311878,3,0.1941031938945238,0.002702086529535135,0.003057698754993513,3,0.9625327330880514,0.001370454279336414,0.0015508150082904281,3
full_bagnn,train,airfoil,U,physical,3,0.09414343893422855,0.013670546050952335,0.015469679147273551,3,0.1741292616413199,0.016734119025356133,0.01893643832292358,3,nan,nan,nan,0
full_bagnn,train,airfoil,U,zscore,3,0.007509140600263112,0.0010903946602274933,0.0012338977151863367,3,0.013889022851443366,0.0013347562544826232,0.0015104188903430351,3,-3548100517.425134,640746262.5735694,725072653.2710301,3
full_bagnn,train,airfoil,V,physical,3,0.03881876931618037,0.009491407844663178,0.010740539073245431,3,0.05961477158354047,0.005719748612283424,0.006472504865957693,3,nan,nan,nan,0
full_bagnn,train,airfoil,V,zscore,3,0.004555998913578996,0.0011139664959936377,0.0012605717584070958,3,0.006996740109436701,0.0006713025148103015,0.0007596503077614646,3,nan,nan,nan,0
full_bagnn,train,farfield,Cp,physical,3,0.009226731189122917,0.0007123994963144209,0.0008061559202966621,3,0.012235129904256294,0.0009745039350283762,0.0011027550140613658,3,-0.39786627526496776,0.11261496306693367,0.1274358273132889,3
full_bagnn,train,farfield,Cp,zscore,3,0.012917795952238813,0.0009973879951977612,0.0011286507659273,3,0.017129675316266992,0.001364344822354005,0.0015439015068889716,3,-0.3978662372720267,0.11261498069715209,0.12743584726375912,3
full_bagnn,train,farfield,U,physical,3,0.22562215746606615,0.02268445694366042,0.025669879552771925,3,0.28390825156163707,0.03159671360562785,0.035755047367204834,3,-3.22539570634169,0.7392303145832183,0.8365178493907957,3
full_bagnn,train,farfield,U,zscore,3,0.017996247433054755,0.0018093797520139729,0.0020475059383073904,3,0.022645302207869478,0.002520240095246966,0.0028519201429301148,3,-3.2254021858715958,0.7392300265372814,0.8365175234361332,3
full_bagnn,train,farfield,V,physical,3,0.1812137135267348,0.005929047879602459,0.0067093492830802536,3,0.23354345243783084,0.002734926528563348,0.0030948607122605995,3,-2.099932021201559,0.6022698966934644,0.6815325464823284,3
full_bagnn,train,farfield,V,zscore,3,0.021268306583708162,0.0006958662318303379,0.0007874467702837436,3,0.027410032973993425,0.00032098761075331447,0.0003632316756109234,3,-2.0999381744488197,0.6022714866216845,0.6815343456554807,3
full_bagnn,train,global,Cp,physical,3,0.0547845835429114,0.0008958108716078875,0.001013705429816982,3,0.08511212489088259,0.0016073019982532433,0.0018188334330666454,3,0.9757804586212173,0.0010507986028874352,0.0011890905582326412,3
full_bagnn,train,global,Cp,zscore,3,0.07670062686103445,0.0012541713641785268,0.0014192285024480498,3,0.11916040755359576,0.002250287423834148,0.002546439937813163,3,0.9757804587472302,0.001050798509103008,0.001189090452105571,3
full_bagnn,train,global,U,physical,3,1.9320988473952259,0.055999582948805006,0.06336949360839872,3,2.839683837167881,0.07601945793923015,0.08602411482953336,3,0.9446976447602284,0.002908016050112395,0.0032907299447066814,3
full_bagnn,train,global,U,zscore,3,0.15410940731578723,0.0044666775201394,0.005054521438526036,3,0.22650082856122797,0.0060635165185229205,0.006861514872641704,3,0.9446976449730338,0.0029080160344128643,0.0032907299269409897,3
full_bagnn,train,global,V,physical,3,0.6516109359289696,0.014179773684563655,0.016045924461508366,3,1.1208020071125304,0.021504825254012476,0.024335000632588734,3,0.9766631368676539,0.0009133934194729481,0.0010336019557531293,3
full_bagnn,train,global,V,zscore,3,0.07647689820062796,0.0016642218610519754,0.0018832443213604513,3,0.13154392721909455,0.0025239330050307335,0.0028560990637473073,3,0.9766631362601403,0.0009133934730166544,0.0010336020163435366,3
full_bagnn,train,interior,Cp,physical,3,0.05487182553933303,0.0009087985719679463,0.001028402396323089,3,0.08404533308496191,0.0016139142047636103,0.0018263158491156934,3,0.9760887712836587,0.0010468649376765618,0.0011846391970025778,3
full_bagnn,train,interior,Cp,zscore,3,0.0768227691084888,0.0012723546470977127,0.00143980482409281,3,0.11766685609991318,0.0022595450659234277,0.002556915946031684,3,0.9760887714672731,0.0010468649463204404,0.0011846392067840473,3
full_bagnn,train,interior,U,physical,3,1.9808419276000047,0.0571648674435332,0.0646881371491578,3,2.877823341021207,0.07702230697720115,0.08715894534711043,3,0.9398847244504981,0.003167344997128397,0.0035841882739486492,3
full_bagnn,train,interior,U,zscore,3,0.1579972863940011,0.004559623713007398,0.005159699957092116,3,0.2295429378119428,0.006143506431130568,0.006952031979891604,3,0.939884724711844,0.0031673449223327856,0.0035841881893094473,3
full_bagnn,train,interior,V,physical,3,0.6669105569765756,0.014742724863409811,0.016682963690217358,3,1.1356668724780052,0.021802424995223748,0.02467176644235895,3,0.9766177017481836,0.0009152141193637716,0.001035662271634407,3
full_bagnn,train,interior,V,zscore,3,0.07827255183819835,0.001730293176330171,0.001958011053017146,3,0.1332885554961,0.0025588611004110757,0.002895623924476745,3,0.9766177012060179,0.0009152141434757784,0.0010356622989197112,3
full_bagnn,val,airfoil,Cp,physical,3,0.07956421343075085,0.000991569277485892,0.0011220662669822192,3,0.14692229244972035,0.0015847130719521046,0.0017932716566125381,3,0.9618345994448486,0.0009279487914422836,0.001050072909685445,3
full_bagnn,val,airfoil,Cp,zscore,3,0.1113931079178654,0.0013882370294817704,0.001570938084433801,3,0.20569713445606805,0.0022186621152791193,0.002510652532214559,3,0.9618345996203242,0.0009279487547962237,0.0010500728682165245,3
full_bagnn,val,airfoil,U,physical,3,0.094912153845106,0.01447983341042108,0.016385474005961992,3,0.17485930480685385,0.016783017689594736,0.018991772370567473,3,nan,nan,nan,0
full_bagnn,val,airfoil,U,zscore,3,0.007570455274086313,0.0011549460559879734,0.00130694449599534,3,0.013947252983171907,0.0013386569458383394,0.001514832938143362,3,-3567084401.529627,646858238.3914988,731989005.0032035,3
full_bagnn,val,airfoil,V,physical,3,0.040245597633610984,0.009474652596738034,0.010721578725321586,3,0.061226750838796,0.00550165804728114,0.006225712158990593,3,nan,nan,nan,0
full_bagnn,val,airfoil,V,zscore,3,0.00472345988391733,0.0011120001484680522,0.0012583466267115902,3,0.007185931488905469,0.0006457061914480294,0.0007306853411618585,3,nan,nan,nan,0
full_bagnn,val,farfield,Cp,physical,3,0.00920168246505389,0.0006285125810331882,0.0007112289393832122,3,0.01224679345607055,0.000866033476160212,0.0009800091347531184,3,-0.7590160036747386,0.055237638220350986,0.06250727198000086,3
full_bagnn,val,farfield,Cp,zscore,3,0.012882726749396022,0.0008799430103947324,0.0009957492544889397,3,0.017146004770625913,0.0012124819076437712,0.0013720524413007374,3,-0.759015767102183,0.05523770591261302,0.06250734858100644,3
full_bagnn,val,farfield,U,physical,3,0.22643419512916538,0.0228094812370388,0.02581135785926894,3,0.2853540367299708,0.03176338269522806,0.03594365119694753,3,-3.992375319686907,0.9263407300403059,1.0482532169061667,3
full_bagnn,val,farfield,U,zscore,3,0.018061017788595365,0.0018193518518601758,0.0020587904315873488,3,0.022760621924492522,0.0025335336198256155,0.002866963182118281,3,-3.9923826178880817,0.9263412437399927,1.0482537982120856,3
full_bagnn,val,farfield,V,physical,3,0.1821864424774083,0.0038981168882019457,0.004411134516082599,3,0.2350354567848029,0.0028520990483145046,0.003227453900467715,3,-4.9498956704862005,1.3601849960938361,1.5391942203392341,3
full_bagnn,val,farfield,V,zscore,3,0.02138247188123681,0.00045750429138537575,0.0005177148425420411,3,0.02758514345527262,0.0003347404035657936,0.00037879442573041566,3,-4.949853550477273,1.3601741729585541,1.5391819728087,3
full_bagnn,val,global,Cp,physical,3,0.059364392462966854,0.0006258351165467944,0.0007081991030929607,3,0.09167327232677351,0.0010677674209431168,0.001208292583510305,3,0.9744097322472633,0.0007874061590720659,0.0008910339494875801,3
full_bagnn,val,global,Cp,zscore,3,0.08311254407585013,0.0008761944980108889,0.0009915074134065492,3,0.12834627849779365,0.0014949174506528847,0.0016916583453993957,3,0.9744097325033115,0.0007874060150016367,0.0008910337864565419,3
full_bagnn,val,global,U,physical,3,1.9996102301417746,0.05015038508024334,0.056750503119042096,3,2.937966937659889,0.07185780172923552,0.08131475749662782,3,0.9409766731767343,0.0026960320466986897,0.003050847462694479,3
full_bagnn,val,global,U,zscore,3,0.15949429720147176,0.004000129315865833,0.004526572445124567,3,0.23434015370233677,0.005731571469853493,0.006485883688759008,3,0.9409766732859189,0.0026960320590106454,0.003050847476626768,3
full_bagnn,val,global,V,physical,3,0.7078659976805608,0.013916170556298716,0.015747629440864903,3,1.2064104410268925,0.019829642007557248,0.022439352335954295,3,0.9740584647193993,0.0008777843645643648,0.000993306516776494,3
full_bagnn,val,global,V,zscore,3,0.08307932365479254,0.0016332837877901536,0.0018482345957056457,3,0.14159143774641555,0.0023273237288175845,0.0026336147233955026,3,0.9740584640571462,0.00087778443134721,0.0009933065923483976,3
full_bagnn,val,interior,Cp,physical,3,0.059494360395521535,0.0006354875757174205,0.0007191218888979462,3,0.09057321055269223,0.0010786701554061956,0.0012206301889975417,3,0.9747064663683034,0.0007900351491933128,0.0008940089318698096,3
full_bagnn,val,interior,Cp,zscore,3,0.08329450452624766,0.0008897083602295903,0.0010067997881064764,3,0.1268061478525967,0.001510181838664747,0.0017089316265136163,3,0.9747064664970647,0.0007900351515869993,0.0008940089345785209,3
full_bagnn,val,interior,U,physical,3,2.0501941610605288,0.051109144262986635,0.05783544126864203,3,2.977459919856934,0.07280030635062146,0.08238130187849231,3,0.9359752328593429,0.0029362618316029557,0.0033226930554188924,3
full_bagnn,val,interior,U,zscore,3,0.16352900679664636,0.004076602442497218,0.0046131099344075156,3,0.2374902200030827,0.00580674926369818,0.0065709553710051,3,0.9359752331387413,0.0029362620620644233,0.0033226933162105936,3
full_bagnn,val,interior,V,physical,3,0.7246684869697412,0.014441307233745553,0.016341877532952045,3,1.222450881925272,0.02009939891417666,0.02274461101235315,3,0.9740123314031549,0.0008793711056889573,0.0009951020833907128,3
full_bagnn,val,interior,V,zscore,3,0.08505136272550319,0.0016949169752109568,0.00191797911290854,3,0.1434740378737844,0.002358984086997052,0.002669441791377912,3,0.9740123308560799,0.000879371179905382,0.0009951021673745035,3
mlp,test,airfoil,Cp,physical,3,0.23980580453450484,0.009543446219454658,0.010799426037845773,3,0.44457621159963306,0.01124641123035686,0.012726512360476977,3,0.7068176536076747,0.01110606366127618,0.012567694135170851,3
mlp,test,airfoil,Cp,zscore,3,0.3357377972298612,0.013361212362598658,0.015119635126322339,3,0.6224246239600082,0.015745429614464408,0.01781763093177797,3,0.7068176626154493,0.01110606628222717,0.0125676971010561,3
mlp,test,airfoil,U,physical,3,0.42843260536901656,0.0704962107922406,0.07977397230438749,3,0.4952242967517426,0.07887094614423404,0.08925087749572344,3,nan,nan,nan,0
mlp,test,airfoil,U,zscore,3,0.03417294576841717,0.005622964897957563,0.006362983783060047,3,0.03950042981693211,0.006290958101522657,0.007118889252614536,3,-47372987048.18261,21154432109.10168,23938493462.577297,3
mlp,test,airfoil,V,physical,3,0.1330758308603739,0.028254157365473733,0.03197258890693733,3,0.15970640713348985,0.033508590323356825,0.0379185395409757,3,nan,nan,nan,0
mlp,test,airfoil,V,zscore,3,0.015618565051894013,0.003316074787855122,0.0037524918759853283,3,0.018744086232618428,0.0039327658301633135,0.004450343484980921,3,nan,nan,nan,0
mlp,test,farfield,Cp,physical,3,0.009851895248963653,0.003800063865301337,0.004300177075316214,3,0.01320453980200303,0.005111697645105204,0.005784430422378233,3,-1.4710041223208743,1.745299094742101,1.9749918482448938,3
mlp,test,farfield,Cp,zscore,3,0.013793050749033378,0.005320242920391507,0.0060204216171947855,3,0.018486888199307334,0.007156582870216932,0.008098435891331317,3,-1.4710034475986067,1.7452986342169066,1.9749913271115778,3
mlp,test,farfield,U,physical,3,0.29549273573793466,0.029832654909239836,0.03375882703128203,3,0.35894492104028664,0.03755398587232208,0.04249633555095597,3,-5.140064909857521,2.0728905345692055,2.3456964599429497,3
mlp,test,farfield,U,zscore,3,0.023569309905481835,0.0023795387747237284,0.0026927016101824376,3,0.028630428964970634,0.0029954109990404467,0.003389626639393953,3,-5.140075036332378,2.072894528782873,2.3457009798212085,3
mlp,test,farfield,V,physical,3,0.9843180311378091,0.07031918734469012,0.07957365141559902,3,1.0082756756184001,0.06586388174999117,0.07453199852213292,3,-30.11113468493482,3.409273291649979,3.8579559112432293,3
mlp,test,farfield,V,zscore,3,0.11552535665493148,0.008253073504969606,0.009339231851082501,3,0.11833716870751232,0.007730173848538159,0.00874751518657878,3,-30.11117234174294,3.409285761960756,3.857970022728306,3
mlp,test,global,Cp,physical,3,0.1366032243628676,0.001973745471980626,0.0022335032599372457,3,0.2525625546462834,0.0036923588580931076,0.00417829738610292,3,0.7861101019877395,0.004636696659713242,0.005246916206686715,3
mlp,test,global,Cp,zscore,3,0.19125002473592756,0.0027633240159045313,0.0031269954943036523,3,0.35359776206314564,0.0051694511161353,0.005849784627188121,3,0.7861101083911773,0.0046366972861791025,0.005246916915599572,3
mlp,test,global,U,physical,3,4.832741548120976,0.026515188773866823,0.030004760697363277,3,6.994782601793607,0.02120720013329129,0.02399820610319943,3,0.7241456939273373,0.0014060105929733287,0.0015910507648997688,3
mlp,test,global,U,zscore,3,0.385472478158772,0.002114923139417285,0.002393260829961558,3,0.5579226948941747,0.001691545507989389,0.001914163938592985,3,0.7241456920254228,0.001406011194789191,0.001591051445918527,3
mlp,test,global,V,physical,3,1.5217070983101924,0.015829281783474185,0.01791251859358383,3,2.7040609081586204,0.01898208047252055,0.0214802461703542,3,0.8877471701267144,0.0015199195491597444,0.001719950883273748,3
mlp,test,global,V,zscore,3,0.17859650920145212,0.0018578187323770078,0.002102319804677054,3,0.3173645213556786,0.002227847970354658,0.002521047305779734,3,0.8877471665262661,0.0015199193819544488,0.001719950694063144,3
mlp,test,interior,Cp,physical,3,0.13601868864304076,0.0018704041187621208,0.0021165615100629627,3,0.2483385137592753,0.0034113558948230312,0.00386031259858828,3,0.7880308581858974,0.004733529367917005,0.005356492731376408,3
mlp,test,interior,Cp,zscore,3,0.19043164923787118,0.0026186407515007932,0.0029632709678682175,3,0.34768393655928476,0.0047760343730923385,0.005404591672688984,3,0.7880308567860771,0.004733525368901268,0.005356488206064096,3
mlp,test,interior,U,physical,3,4.953668281435967,0.028048072288270907,0.03173938168833125,3,7.0885617405176164,0.021634885221465255,0.024482177340739257,3,0.7033847921767667,0.0014885245313069034,0.0016844240761369883,3
mlp,test,interior,U,zscore,3,0.39511791865030926,0.002237188812365746,0.00253161746357287,3,0.5654027740781505,0.0017256564929466586,0.0019527641518338947,3,0.7033847913088631,0.0014885234357727782,0.0016844228364234208,3
mlp,test,interior,V,physical,3,1.5512262939165036,0.015461037693209424,0.017495811177285808,3,2.737732328722874,0.01908511408147461,0.021596839674810003,3,0.8872221075857128,0.0015287084077694989,0.0017298964130468021,3
mlp,test,interior,V,zscore,3,0.18206105629603067,0.0018145982153361599,0.002053411185466879,3,0.32131639728322625,0.0022399419562562596,0.0025347329391708293,3,0.8872221038403172,0.001528708906844226,0.0017298969778030211,3
mlp,train,airfoil,Cp,physical,3,0.1511020600140669,0.005008509326949192,0.005667661847979621,3,0.27480502149785097,0.005907763632524172,0.006685263890151163,3,0.856017558983643,0.004370482455326713,0.0049456664752599725,3
mlp,train,airfoil,Cp,zscore,3,0.2115489779241714,0.007012115040101788,0.007934955151743127,3,0.384738111144751,0.00827110770738426,0.009359639472255194,3,0.8560175602896593,0.004370482670523141,0.004945666718777654,3
mlp,train,airfoil,U,physical,3,0.19685178426249927,0.012569799458030769,0.014224067117477207,3,0.2407595629575916,0.015077184210594435,0.017061440070712214,3,nan,nan,nan,0
mlp,train,airfoil,U,zscore,3,0.015701430709382593,0.0010026026675449982,0.0011345517231947893,3,0.019203632686745267,0.0012026003775845251,0.0013608704373829037,3,-7664800800.76339,1275574689.513747,1443448645.109981,3
mlp,train,airfoil,V,physical,3,0.09473131995330498,0.010095000187936402,0.011423568108909833,3,0.11638414646914146,0.013156220010522263,0.014887664442602222,3,nan,nan,nan,0
mlp,train,airfoil,V,zscore,3,0.01111822721495461,0.0011848088542157475,0.0013407374334026391,3,0.013659530378284788,0.0015440916861726155,0.0017473042313038364,3,nan,nan,nan,0
mlp,train,farfield,Cp,physical,3,0.009941133384371977,0.003960944977619676,0.004482231192185072,3,0.013545619423997587,0.005404207288714121,0.006115436244475444,3,-0.9870765669244674,1.377601301440628,1.5589026251565417,3
mlp,train,farfield,Cp,zscore,3,0.013917987714152083,0.00554548290486239,0.0062753046539011864,3,0.018964413482012762,0.007566108322670857,0.0085618575665513,3,-0.987076598030067,1.3776013644092777,1.558902696412277,3
mlp,train,farfield,U,physical,3,0.16742640250917631,0.01542818760271958,0.017458637800454865,3,0.22716905993479117,0.02610584756959699,0.029541547518591112,3,-2.970811217205489,1.4916930312710246,1.6880095713791252,3
mlp,train,farfield,U,zscore,3,0.013354381971485701,0.0012306000349731165,0.0013925550324547238,3,0.018119620656652003,0.00208227847269029,0.002356319912001583,3,-2.970817844090092,1.4916963201265867,1.6880132930695477,3
mlp,train,farfield,V,physical,3,0.3377165698450997,0.06829657388093215,0.07728484881717528,3,0.3652649737731755,0.06602590446536458,0.07471534448447084,3,-9.063954036584908,2.808465824738034,3.1780782598478416,3
mlp,train,farfield,V,zscore,3,0.03963640526766807,0.008015690221882348,0.009070607378395074,3,0.04286964800482368,0.007749191081077828,0.008769035211057779,3,-9.06397683088536,2.8084743388833617,3.1780878945102717,3
mlp,train,global,Cp,physical,3,0.0860532572700106,0.0002661313130098768,0.00030115593100384026,3,0.15439805200151357,0.000530316277842582,0.000600109361705388,3,0.9300748832093326,0.0004960765427686261,0.0005613634539920053,3
mlp,train,global,Cp,zscore,3,0.12047803124627392,0.0003725944186597404,0.0004216302763070364,3,0.2161635000729503,0.0007424641270728722,0.00084017725271316,3,0.9300748834604167,0.000496076492005416,0.0005613633965480255,3
mlp,train,global,U,physical,3,4.536126283191437,0.00897296588183234,0.010153866763918247,3,6.604540746068397,0.0037343730162152093,0.004225840881685999,3,0.6992961637810216,0.00036657573874267766,0.0004148194988252829,3
mlp,train,global,U,zscore,3,0.3618136432319721,0.0007157075613676998,0.0008098993483047165,3,0.5267959538400128,0.0002978638079822988,0.0003370646294520373,3,0.699296162936406,0.00036657569844433915,0.00041481945322342003,3
mlp,train,global,V,physical,3,1.2637996309996555,0.006772562197222679,0.007663875591033194,3,2.290457426850558,0.006824867801009065,0.007723064953708538,3,0.9102437677913047,0.0005219549369539963,0.0005906476137762781,3
mlp,train,global,V,zscore,3,0.1483269703214582,0.0007948679157150069,0.0008994777220121817,3,0.2688215797372245,0.0008010068051880089,0.0009064245294121174,3,0.9102437653692056,0.0005219550335676558,0.0005906477231049258,3
mlp,train,interior,Cp,physical,3,0.08564768623808794,0.00018247350065847925,0.00020648820446128683,3,0.15181082374205893,0.0003845703681110452,0.0004351823388804802,3,0.9318800089506802,0.0004467846089787342,0.0005055843799567616,3
mlp,train,interior,Cp,zscore,3,0.11991021530868033,0.0002554701396020438,0.0002890916775835365,3,0.21254127605237036,0.000538414074795027,0.0006092728815960487,3,0.9318800092259991,0.0004467845778520234,0.0005055843447335724,3
mlp,train,interior,U,physical,3,4.65450279905481,0.009181104769201002,0.010389398087514459,3,6.693691268095278,0.003777479046141341,0.004274619946529833,3,0.6718510595449413,0.00040594234827957376,0.00045936701114717424,3
mlp,train,interior,U,zscore,3,0.37125567265308207,0.0007323092825721601,0.0008286859643892728,3,0.533906839221621,0.00030130176135288153,0.0003409550399278133,3,0.6718510584721217,0.00040594205535311127,0.00045936667966967715,3
mlp,train,interior,V,physical,3,1.2932780768409735,0.006287467634645029,0.007114939417511399,3,2.32099979792139,0.0068048669981230605,0.007700431914605262,3,0.9100741869051827,0.0005164668128934084,0.0005844372167649742,3
mlp,train,interior,V,zscore,3,0.1517867343512974,0.0007379345958328494,0.0008350516055949293,3,0.27240621261360826,0.0007986591633244617,0.0009037679225548329,3,0.9100741846996026,0.0005164667512630043,0.0005844371470236065,3
mlp,val,airfoil,Cp,physical,3,0.1627298060117476,0.004809440950796774,0.005442394774084489,3,0.2935587169465395,0.005874745896347645,0.006647900804366846,3,0.8351511700502487,0.004494586678823601,0.005086103624673228,3
mlp,val,airfoil,Cp,zscore,3,0.22782829213144862,0.0067334117195820345,0.007619572654975927,3,0.410994042814197,0.008224882059821872,0.009307330227730521,3,0.8351511703593736,0.0044945873049958415,0.005086104333253822,3
mlp,val,airfoil,U,physical,3,0.19696862829850667,0.013745380582213125,0.015554362391339022,3,0.2397385373637635,0.017728235726495314,0.020061387271140454,3,nan,nan,nan,0
mlp,val,airfoil,U,zscore,3,0.015710750375962926,0.0010963714807234932,0.0012406611242739734,3,0.01912219276862809,0.001414055939816234,0.0016001549319041002,3,-7254303991.82828,1110269402.5003705,1256388103.2769241,3
mlp,val,airfoil,V,physical,3,0.09916701897704548,0.011790522992243016,0.013342232781977634,3,0.12193402128465124,0.015119287680185554,0.017109084631736625,3,nan,nan,nan,0
mlp,val,airfoil,V,zscore,3,0.011638826951946882,0.0013838052244109394,0.001565923024886546,3,0.01431089637834175,0.001774488750616792,0.0020080230533714325,3,nan,nan,nan,0
mlp,val,farfield,Cp,physical,3,0.009904415564106222,0.003939750878668194,0.004458247811464728,3,0.013489466794127887,0.005397450121568508,0.006107789790025306,3,-1.535058770474457,1.76618326744705,1.9986245144015835,3
mlp,val,farfield,Cp,zscore,3,0.013866581300634048,0.005515810314528516,0.006241726956988229,3,0.01888579752691386,0.007556647958829001,0.008551152157074273,3,-1.5350585526644804,1.7661831831739911,1.99862441903764,3
mlp,val,farfield,U,physical,3,0.1685575552660636,0.01569815608122326,0.017764135892979017,3,0.22859689668498814,0.026458066283229862,0.02994012051408506,3,-3.864421577371111,1.8694077546328576,2.1154340179104105,3
mlp,val,farfield,U,zscore,3,0.013444605978272047,0.0012521333090323456,0.0014169222259409983,3,0.018233508940838507,0.0021103723295988613,0.002388111103865111,3,-3.864429597667835,1.8694116375199543,2.115438411810795,3
mlp,val,farfield,V,physical,3,0.3386356104211535,0.06905965538963664,0.07814835683352503,3,0.36621302579482595,0.06696024624077504,0.0757726517365456,3,-18.132185497864537,6.517754720622508,7.375533787228185,3
mlp,val,farfield,V,zscore,3,0.039744269252254806,0.008105249946468562,0.009171953747347935,3,0.04298091703691544,0.007858851051907674,0.008893127149866537,3,-18.13204746310591,6.517693942411664,7.375465010208056,3
mlp,val,global,Cp,physical,3,0.09427015914607138,0.00015707249067177517,0.00017774425575240338,3,0.16692505044611503,0.00019591284712515533,0.0002216962566498123,3,0.9217485100789329,0.0002382331487208886,0.0002695861861860385,3
mlp,val,global,Cp,zscore,3,0.1319820256541715,0.0002199074216338741,0.0002488486737911429,3,0.23370180378234318,0.0002742860590241584,0.0003103838948246165,3,0.9217485105520495,0.00023823303722215122,0.00026958606001333945,3
mlp,val,global,U,physical,3,4.548868236214392,0.007825962236672018,0.008855909951860452,3,6.673281246813198,0.0035847272448586015,0.004056500749989378,3,0.696663931467369,0.000332306837698452,0.0003760405867095589,3
mlp,val,global,U,zscore,3,0.36282997522302857,0.0006242197691638313,0.0007063711654500392,3,0.5322788808467075,0.000285926963593731,0.0003235568184228493,3,0.6966639303577497,0.00033230646803176817,0.0003760401683923264,3
mlp,val,global,V,physical,3,1.343491908116613,0.00491851535387064,0.005565824080598223,3,2.414032902078652,0.0037312413555140524,0.0042222970739943045,3,0.9043564063750953,0.00029192870276107216,0.00033034842564163517,3
mlp,val,global,V,zscore,3,0.15768012546181578,0.0005772660174371964,0.0006532379935003216,3,0.28332512657488546,0.0004379210523299186,0.0004955543213951061,3,0.904356403806649,0.000291929023941112,0.0003303487890910648,3
mlp,val,interior,Cp,physical,3,0.0938846582116989,9.101762241099587e-05,0.00010299613564797683,3,0.1642629425076042,0.00016256686612772358,0.00018396172688350392,3,0.9238572576979664,0.00019121572578201828,0.00021638096347693431,3
mlp,val,interior,Cp,zscore,3,0.1314423087247893,0.00012742801739984967,0.00014419837629028293,3,0.22997474490462308,0.0002275999755856648,0.00025755361805699425,3,0.9238572578823447,0.00019121594423054158,0.00021638121067470923,3
mlp,val,interior,U,physical,3,4.667643005538323,0.007972153458496656,0.00902134089275674,3,6.7634168122798775,0.0036301360981859307,0.004107885704825945,3,0.6694792012386691,0.0003653542537298162,0.00041343725841134913,3
mlp,val,interior,U,zscore,3,0.3723037714451379,0.0006358804326589744,0.0007195664483774263,3,0.5394683366624454,0.00028954932514086253,0.0003276559063949529,3,0.6694792005012694,0.000365353350487749,0.0004134362362967299,3
mlp,val,interior,V,physical,3,1.3750676702772715,0.004334069134472653,0.0049044609236895,3,2.4462737094971443,0.0036672206942829147,0.004149850875843134,3,0.9041822976818666,0.0002856176889535363,0.0003232068412211803,3
mlp,val,interior,V,zscore,3,0.16138604304593787,0.0005086724169455548,0.0005756170274315932,3,0.28710909708533233,0.000430406900413715,0.00048705125803726436,3,0.9041822949198747,0.0002856179661096906,0.0003232071548528937,3
no_attention,test,airfoil,Cp,physical,3,0.14155463962427653,0.002725113194840385,0.003083755879762063,3,0.270809349239183,0.004158231956863736,0.004705482425710438,3,0.8668167644016629,0.01658375919510142,0.018766290157516765,3
no_attention,test,airfoil,Cp,zscore,3,0.19818220575495313,0.0038152686919934783,0.0043173829564522445,3,0.37914401115073515,0.0058216945218326445,0.0065878675226669,3,0.8668167682468612,0.016583757912572064,0.018766288706198172,3
no_attention,test,airfoil,U,physical,3,0.25629986242080727,0.046113220421167805,0.05218202123778909,3,0.32226191658216224,0.05923213611118068,0.06702747186779477,3,nan,nan,nan,0
no_attention,test,airfoil,U,zscore,3,0.020443180271346745,0.0036781154568819416,0.004162179460316972,3,0.025704490474890918,0.0047245151129295185,0.005346292141591013,3,-15602628443.50628,6284635112.047425,7111734116.450344,3
no_attention,test,airfoil,V,physical,3,0.10616250579478219,0.0035603090949690767,0.004028869012182192,3,0.15499167987921586,0.011429053425126819,0.012933191460295984,3,nan,nan,nan,0
no_attention,test,airfoil,V,zscore,3,0.012459857178328093,0.0004178597094577803,0.00047285277484833865,3,0.0181907364060559,0.0013413809413243198,0.0015179154292164821,3,nan,nan,nan,0
no_attention,test,farfield,Cp,physical,3,0.028067606883511568,0.008250042378401514,0.009335801808472032,3,0.043815642344028065,0.013418349188931698,0.015184291531967821,3,-17.264188655103165,9.398492575773503,10.635395548455081,3
no_attention,test,farfield,Cp,zscore,3,0.03929578136497488,0.011550392043494518,0.013070499032892252,3,0.06134366682381368,0.018786229867239067,0.021258620346980978,3,-17.264188248157065,9.398492623008593,10.635395601906618,3
no_attention,test,farfield,U,physical,3,0.4307797126161555,0.13591178354268785,0.15379866143624946,3,0.5301488972579439,0.1714434710130455,0.19400655091476382,3,-11.557346354418634,7.411089346284445,8.386437080968756,3
no_attention,test,farfield,U,zscore,3,0.034360175234420844,0.01084069276522317,0.012267398696959107,3,0.0422861287680765,0.013674794542064038,0.015474486767548055,3,-11.557367771422989,7.4110975255893985,8.386446336723633,3
no_attention,test,farfield,V,physical,3,0.3791096958797426,0.02746946992788631,0.031084631480428525,3,0.46460860030104717,0.019995816895463366,0.022627396923833996,3,-5.6168485980460146,1.100585115441339,1.2454293008256587,3
no_attention,test,farfield,V,zscore,3,0.04449454046358975,0.0032239781211936235,0.0036482746868199013,3,0.054529195732902734,0.002346826762851056,0.0026556844840160115,3,-5.616854602632325,1.1005860460513692,1.2454303539100438,3
no_attention,test,global,Cp,physical,3,0.10620754310706008,0.006260882187120198,0.007084855151552823,3,0.19020130240047972,0.01669821844352137,0.018895812990174305,3,0.9098511711837154,0.008347122484730851,0.009445658290495545,3
no_attention,test,global,Cp,zscore,3,0.14869484406275055,0.008765488120950248,0.009919083575369822,3,0.2662894951645285,0.02337817941296175,0.026454900427384197,3,0.9098511728921883,0.008347121574404679,0.009445657260364506,3
no_attention,test,global,U,physical,3,3.3052622278531394,0.39871151513646574,0.45118455316236245,3,4.886477532486121,0.7621928870108506,0.86250244624066,3,0.8573991831203801,0.05390637454294359,0.061000805312674336,3
no_attention,test,global,U,zscore,3,0.2636366172072788,0.03180230448361869,0.03598769534675668,3,0.3897586067828039,0.06079455587278146,0.06879551626889167,3,0.8573991812509013,0.05390637525038602,0.061000806113220805,3
no_attention,test,global,V,physical,3,1.1214559273173412,0.10464714176405622,0.11841938871610948,3,2.0803865303595863,0.26749520447313463,0.30269931948661666,3,0.9363951942660597,0.016277080105522396,0.01841925009786714,3
no_attention,test,global,V,zscore,3,0.1316206736722961,0.012282005832065304,0.013898397971729657,3,0.2441664208347599,0.031394811558483914,0.0355265736927186,3,0.936395193653795,0.016277079586642137,0.01841924951069885,3
no_attention,test,interior,Cp,physical,3,0.10634214070936043,0.006304182162484135,0.007133853686320079,3,0.18896741745217394,0.01693565188472376,0.01916449422211223,3,0.910809521126137,0.008236498092082227,0.009320475005661286,3
no_attention,test,interior,Cp,zscore,3,0.14888328599433104,0.008826109346483839,0.009987682949895452,3,0.2645620062792053,0.0237105939172333,0.026831062850290674,3,0.9108095206662566,0.008236498121281677,0.009320475038703575,3
no_attention,test,interior,U,physical,3,3.386402889837821,0.4075743657006583,0.4612138127140495,3,4.951887516180674,0.7722923160580191,0.8739310260755866,3,0.850626590026727,0.055636004804615634,0.06295806620713709,3
no_attention,test,interior,U,zscore,3,0.2701086168177426,0.032509230429667746,0.03678765736184385,3,0.39497588143373524,0.06160011256188136,0.06970708947663837,3,0.8506265894665695,0.05563600425796518,0.06295806558854387,3
no_attention,test,interior,V,physical,3,1.1464095606158178,0.10758837663050143,0.1217477092902179,3,2.10775751657784,0.27120944588551976,0.3069023793139972,3,0.9360301141782621,0.01638423311862492,0.018540505146947214,3
no_attention,test,interior,V,zscore,3,0.13454937919353446,0.012627205146350639,0.014289027769102012,3,0.24737884079416594,0.03183073882327488,0.03601987183111996,3,0.9360301132600162,0.01638423269995732,0.018540504673180223,3
no_attention,train,airfoil,Cp,physical,3,0.07902341611946756,0.0022003965460357473,0.0024899830948282163,3,0.14444948862822668,0.0014471044061125523,0.0016375527920925682,3,0.9601025073010095,0.0011597293936126876,0.0013123573520752371,3
no_attention,train,airfoil,Cp,zscore,3,0.11063596947329746,0.0030806436665813987,0.0034860764823490494,3,0.20223510923168445,0.002026004401853294,0.0022926398061071575,3,0.9601025078629477,0.0011597292908759227,0.0013123572358176433,3
no_attention,train,airfoil,U,physical,3,0.19953645595370992,0.06739109826006642,0.07626020669401039,3,0.23576293730501555,0.07492868482877257,0.08478978885759629,3,nan,nan,nan,0
no_attention,train,airfoil,U,zscore,3,0.0159155796794567,0.005375298194970607,0.006082722525287947,3,0.018805100006769035,0.005976516147615687,0.006763064685018442,3,-6794219776.628502,4146238248.6555204,4691910267.211751,3
no_attention,train,airfoil,V,physical,3,0.07384644873172358,0.005861699424019469,0.006633137331117977,3,0.10236414926508963,0.004964989439966886,0.005618414459789521,3,nan,nan,nan,0
no_attention,train,airfoil,V,zscore,3,0.008667054332316147,0.0006879645917006269,0.0007785052227341243,3,0.01201405938454888,0.0005827198271039667,0.0006594095601195904,3,nan,nan,nan,0
no_attention,train,farfield,Cp,physical,3,0.009896657318925276,0.0005855921223606558,0.0006626598681812879,3,0.012906660235109224,0.001040090853184157,0.0011769735987723795,3,-1.57170933503837,0.724548825513927,0.8199041805249262,3
no_attention,train,farfield,Cp,zscore,3,0.013855719543192854,0.0008198526025419131,0.000927750556715842,3,0.018069844852263674,0.0014561691889097344,0.0016478105594772414,3,-1.571709292223807,0.7245487620758512,0.8199041087379856,3
no_attention,train,farfield,U,physical,3,0.2566445795066023,0.03659038604508684,0.041405919696451104,3,0.3046077153972005,0.038627111223707954,0.043710691203529786,3,-6.048744707114409,2.893688267383373,3.2745165322443186,3
no_attention,train,farfield,U,zscore,3,0.02047068631164012,0.0029185483358340194,0.0033026483479799426,3,0.024296354224498138,0.003081001652796668,0.003486481581887043,3,-6.0487612867887615,2.893693040533365,3.2745219335720064,3
no_attention,train,farfield,V,physical,3,0.17957695782525987,0.024590223521615558,0.027826457452490107,3,0.22548373086492998,0.02907000726132344,0.03289580997463215,3,-1.6333185652956261,0.3450162596259556,0.39042265152489286,3
no_attention,train,farfield,V,zscore,3,0.021076207254432395,0.0028860532228383935,0.003265876665998614,3,0.026464096532546482,0.0034118269592846554,0.0038608456582079798,3,-1.6333225463631444,0.3450169359539001,0.3904234168620096,3
no_attention,train,global,Cp,physical,3,0.057010550323369026,0.0012223508074985941,0.0013832201527968007,3,0.0895440440309566,0.0017881532549381283,0.0020234858956580345,3,0.973523616587387,0.0009794971433026427,0.0011084053611382504,3
no_attention,train,global,Cp,zscore,3,0.0798170700176992,0.0017113403471330122,0.0019365639077809319,3,0.1253652730322227,0.002503486674703417,0.0028329618628832117,3,0.9735236167506683,0.0009794971738763777,0.0011084053957356886,3
no_attention,train,global,U,physical,3,2.1506910671180015,0.11909563067844842,0.13476939308576047,3,3.1939336188084404,0.17338631731291718,0.19620508846984477,3,0.9295202320456052,0.007524868661937973,0.008515190497269476,3
no_attention,train,global,U,zscore,3,0.17154491255536028,0.009499388444919828,0.010749569972590115,3,0.2547567471931925,0.013829759660155505,0.01564984630673247,3,0.9295202309991984,0.007524868771643527,0.008515190621412998,3
no_attention,train,global,V,physical,3,0.6930456488325282,0.024708428805480274,0.02796021932330961,3,1.2022682221448397,0.03020064389467593,0.03417524576929071,3,0.9732131881595065,0.001232085500136306,0.0013942359945299289,3
no_attention,train,global,V,zscore,3,0.08133992041271684,0.0028999267664074364,0.0032815760584624476,3,0.14110528293868746,0.0035445255154047902,0.004011008210518167,3,0.9732131872645756,0.0012320855369862974,0.0013942360362296197,3
no_attention,train,interior,Cp,physical,3,0.05707907568360407,0.0012137037065062172,0.00137343503686891,3,0.0884584462180555,0.0018288804818274496,0.002069573091457512,3,0.9738369418134227,0.0009819219437211667,0.0011111492811200078,3
no_attention,train,interior,Cp,zscore,3,0.07991300834258903,0.0016992341045028883,0.0019228644045958332,3,0.1238453923119112,0.002560506232605156,0.002897485566806351,3,0.9738369420265697,0.0009819218104728724,0.001111149130335368,3
no_attention,train,interior,U,physical,3,2.203235371198554,0.12092036819789331,0.13683427797394224,3,3.2367954728563935,0.17561499917119922,0.19872707940864645,3,0.9232945597417349,0.008196318654997979,0.00927500769238099,3
no_attention,train,interior,U,zscore,3,0.17573598732779283,0.009644934108787216,0.010914270395888024,3,0.25817552402314853,0.01400752521577158,0.015851006969852137,3,0.9232945586238218,0.008196318711285384,0.009275007756076183,3
no_attention,train,interior,V,physical,3,0.7088744561763729,0.025382982402112068,0.028723548576482075,3,1.218213764710702,0.03060264823135572,0.03463015650080575,3,0.9731595540467234,0.0012344428764218273,0.0013969036169226615,3
no_attention,train,interior,V,zscore,3,0.08319768249228915,0.002979096302090429,0.0033711648218293067,3,0.14297674570479624,0.003591707184406111,0.004064399295143675,3,0.9731595532107548,0.0012344429538685543,0.0013969037045618836,3
no_attention,val,airfoil,Cp,physical,3,0.0825769046669698,0.001784665557889098,0.00201953919491102,3,0.15142133157789658,0.0016181031586004404,0.001831056096621314,3,0.9600081070303971,0.0010078395967684063,0.0011404778664886386,3
no_attention,val,airfoil,Cp,zscore,3,0.11561099688982401,0.00249860379142783,0.0028274363602949913,3,0.2119959709508001,0.0022654094514010185,0.002563552122918557,3,0.9600081070956454,0.0010078396057963215,0.0011404778767046863,3
no_attention,val,airfoil,U,physical,3,0.1991555502436396,0.0684261391833402,0.07743146575913219,3,0.23545687474969798,0.07624211030863128,0.08627606970413587,3,nan,nan,nan,0
no_attention,val,airfoil,U,zscore,3,0.015885197366661,0.005457855754577993,0.006176145198643355,3,0.018780687578158057,0.006081278349057608,0.006881614276017088,3,-6798315011.302418,4236462349.190987,4794008448.325576,3
no_attention,val,airfoil,V,physical,3,0.07473234495269775,0.004103597790046154,0.004643658045909037,3,0.1030401686026204,0.005764409774636422,0.00652304372880707,3,nan,nan,nan,0
no_attention,val,airfoil,V,zscore,3,0.008771028369568855,0.0004816233436946403,0.0005450081195750121,3,0.012093401054302469,0.0006765442990177129,0.0007655819449869031,3,nan,nan,nan,0
no_attention,val,farfield,Cp,physical,3,0.00997707439101986,0.0006097916925407684,0.0006900442597624999,3,0.013023538790170236,0.0010507654559845942,0.001189053048981016,3,-2.4280366537962146,0.9771018006676664,1.1056947757766447,3
no_attention,val,farfield,Cp,zscore,3,0.013968306701827556,0.0008537329971028804,0.0009660898323590913,3,0.018233479521367498,0.0014711140616192572,0.001664722274989663,3,-2.4280362426193407,0.9771016571612853,1.1056946133838872,3
no_attention,val,farfield,U,physical,3,0.2577403707073877,0.036244467472692825,0.041014475981907925,3,0.3061807165530913,0.03813201853164621,0.04315044108141989,3,-7.549555973371848,3.6098896258239783,4.08497466454005,3
no_attention,val,farfield,U,zscore,3,0.0205580899719152,0.002890956791578689,0.0032714255763937245,3,0.024421821548653546,0.0030415118385233248,0.0034417946502811555,3,-7.549576557621429,3.609895564075679,4.084981384304437,3
no_attention,val,farfield,V,physical,3,0.1818784404025283,0.024264949740696724,0.02745837551874143,3,0.22828043136372855,0.02846371603016084,0.03220972685981484,3,-3.824599301182603,0.8407583239696357,0.951407607547884,3
no_attention,val,farfield,V,zscore,3,0.021346322977199003,0.0028478771407774808,0.0032226763623398463,3,0.026792333898503513,0.003340669084087636,0.003780322942144056,3,-3.8245672897663483,0.8407499584322827,0.9513981410512085,3
no_attention,val,global,Cp,physical,3,0.06066337414393994,0.0013023241692878857,0.0014737185310326126,3,0.09425542500359989,0.0017151962065971593,0.0019409272235201142,3,0.9731552130754831,0.0009093937668846094,0.0010290759227759862,3
no_attention,val,global,Cp,zscore,3,0.08493117077739847,0.0018233062797483248,0.0020632652879985476,3,0.13196139613657917,0.002401343778697492,0.0027173762950137475,3,0.9731552136493115,0.0009093937585159395,0.0010290759133059447,3
no_attention,val,global,U,physical,3,2.2251852530403706,0.11872032332406057,0.13434469283367453,3,3.3070795768740946,0.17432962664209756,0.19727254346430229,3,0.9249467149303835,0.007595589208046649,0.008595218328882317,3
no_attention,val,global,U,zscore,3,0.17748676972560787,0.009469452846700414,0.010715694654237067,3,0.26378157427357285,0.013904999890486673,0.015734988642514228,3,0.9249467136481346,0.0075955892001741375,0.008595218319973731,3
no_attention,val,global,V,physical,3,0.7555255357197636,0.026146378096313188,0.029587412127190703,3,1.2894643819016598,0.03291104360882248,0.03724235177825574,3,0.9705689187141591,0.001384456020958735,0.0015666594705081788,3
no_attention,val,global,V,zscore,3,0.0886729280221699,0.0030686930795657216,0.003472553120073318,3,0.15133913779266125,0.0038626341794277524,0.004370982051216378,3,0.9705689179929896,0.0013844561529918068,0.0015666596199176645,3
no_attention,val,interior,Cp,physical,3,0.06076826786389767,0.0013034816931236188,0.0014750283925609943,3,0.09310724704724338,0.0017496638392640726,0.001979931021637314,3,0.9734687813665858,0.0009135645863126908,0.0010337956492662928,3
no_attention,val,interior,Cp,zscore,3,0.08507802623814793,0.0018249268206818792,0.00206509910269722,3,0.13035390099450464,0.0024496000301233237,0.002771983384125288,3,0.9734687815758484,0.0009135645416846874,0.0010337955987649527,3
no_attention,val,interior,U,physical,3,2.2797781582998775,0.12053193484578421,0.13639472425715352,3,3.3515006078975667,0.17657422112411048,0.19981254123198922,3,0.9184793789810488,0.008258735212155003,0.009345638675890923,3
no_attention,val,interior,U,zscore,3,0.18184124687000977,0.00961395141287765,0.010879210174953753,3,0.26732471496532334,0.014084035814010253,0.015937586862250493,3,0.9184793777868684,0.008258735474449034,0.00934563897270456,3
no_attention,val,interior,V,physical,3,0.7730239462122827,0.02684432064901132,0.030377208475721857,3,1.3066072058736833,0.03334801153286748,0.037736827533461983,3,0.9705145572232844,0.001387064077517138,0.0015696107643340482,3
no_attention,val,interior,V,zscore,3,0.09072664461419837,0.003150607603022615,0.0035652481295233374,3,0.15335112093424777,0.003913919249718597,0.004429016571526521,3,0.9705145564204045,0.00138706412035915,0.0015696108128143485,3
no_residual,test,airfoil,Cp,physical,3,0.15428323006878297,0.005634932706291163,0.0063765266330915536,3,0.3554811353019128,0.003741113901525109,0.004233468911504563,3,0.8004016893377708,0.01399944600504731,0.015841864482258602,3
no_residual,test,airfoil,Cp,zscore,3,0.2160027461669718,0.007889135196314992,0.008927396885360992,3,0.49768793024122715,0.005237709474180482,0.0059270262307161035,3,0.8004016925916225,0.01399944683926362,0.015841865426263226,3
no_residual,test,airfoil,U,physical,3,0.3858994853372375,0.02148236368292061,0.024309582972120762,3,2.5826784973343213,0.024025589104741125,0.027187513460640793,3,nan,nan,nan,0
no_residual,test,airfoil,U,zscore,3,0.030780384165700527,0.0017134901875325128,0.0019389966812103302,3,0.20600139185165367,0.0019163430397743995,0.002168546292951894,3,-747668938822.2347,15556137370.349413,17603426592.71118,3
no_residual,test,airfoil,V,physical,3,0.13846386992372572,0.021119652591274133,0.02389913673317646,3,0.3534757775564989,0.02294635227176324,0.025966242015604078,3,nan,nan,nan,0
no_residual,test,airfoil,V,zscore,3,0.01625093548791483,0.00247872698647349,0.002804943638060596,3,0.0414859993228068,0.0026931195633394444,0.0030475516775135963,3,nan,nan,nan,0
no_residual,test,farfield,Cp,physical,3,0.015538477009007087,0.0007157641684597133,0.0008099634052595481,3,0.021655067485213897,0.0019884545062791234,0.0022501480991642896,3,-4.354762842133326,0.7952287031759295,0.8998859914580423,3
no_residual,test,farfield,Cp,zscore,3,0.021754494751803577,0.0010020988128447916,0.0011339815579270679,3,0.030317967877878497,0.0027839162621845306,0.0031502978146122867,3,-4.3547617888622385,0.7952285425883537,0.8998858097360932,3
no_residual,test,farfield,U,physical,3,0.3931469754315913,0.02243481242777068,0.02538738018900864,3,0.6136621948952475,0.018099799830320434,0.020481851636455137,3,-22.690471631117873,1.0630950606754814,1.2030053101320957,3
no_residual,test,farfield,U,zscore,3,0.031358470168197525,0.00178946345914198,0.002024968531287617,3,0.048947354941628864,0.0014436908567153682,0.0016336899973123898,3,-22.69048644273344,1.063101568445222,1.2030126743668141,3
no_residual,test,farfield,V,physical,3,0.6213648719713092,0.0815140704400942,0.09224185420220779,3,0.8050799096313616,0.07898694411397117,0.08938214155546767,3,-20.609409778349207,2.9198366914545204,3.304106259609987,3
no_residual,test,farfield,V,zscore,3,0.07292703377315775,0.009566970499809965,0.010826046267053205,3,0.09448891505210971,0.009270373045798825,0.010490414652021197,3,-20.60943959214683,2.9198381425968694,3.3041079017321415,3
no_residual,test,global,Cp,physical,3,0.10420923059961447,0.0008560768644040422,0.0009687421678969417,3,0.19050398368854074,0.006700208163950698,0.007581999294683589,3,0.9164498919325647,0.005407798403507888,0.0061194999734174756,3
no_residual,test,global,Cp,zscore,3,0.14589712715242056,0.0011985407877528015,0.0013562765790298991,3,0.2667132622717569,0.009380561600655594,0.010615104739965213,3,0.9164498924794401,0.005407798755569801,0.006119500371813033,3
no_residual,test,global,U,physical,3,2.6629458429912725,0.0902407554728105,0.10211702794964059,3,4.0950760508577035,0.17791897793804787,0.20133427682069105,3,0.908154409980973,0.009976340319494056,0.011289291827214932,3
no_residual,test,global,U,zscore,3,0.21240373114123942,0.007197845442634174,0.008145128887624717,3,0.3266342925528685,0.014191297509317458,0.01605896489682282,3,0.9081544098563606,0.009976340644668048,0.011289292195183947,3
no_residual,test,global,V,physical,3,1.0589700920507312,0.05866808422994347,0.0663891870770751,3,2.0414409870902697,0.19001543431561116,0.21502270581851143,3,0.9398144507229459,0.009991302078319332,0.011306222651166166,3
no_residual,test,global,V,zscore,3,0.12428696871890375,0.006885632767678006,0.0077918269866412175,3,0.23959554143560427,0.02230133215528419,0.025236333041355544,3,0.9398144498274096,0.009991302236067034,0.011306222829674495,3
no_residual,test,interior,Cp,physical,3,0.10418761176212381,0.0008424010068307673,0.0009532664781963364,3,0.18654317015316338,0.0067949754636558,0.0076892385896340145,3,0.91926140854196,0.005236267807513473,0.005925394831305075,3
no_residual,test,interior,Cp,zscore,3,0.1458668586642792,0.0011793945984793059,0.0013346106262691231,3,0.2611679631285369,0.009513240844173985,0.010765245438009203,3,0.9192614076667236,0.005236268752470405,0.005925395900624508,3
no_residual,test,interior,U,physical,3,2.7247301866610845,0.09289755885285624,0.10512348399708107,3,4.13374064018329,0.18051029469400176,0.204266627776838,3,0.9038669312461,0.010169200782600649,0.011507533986184561,3
no_residual,test,interior,U,zscore,3,0.21733181613186994,0.0074097586337695176,0.008384931238000489,3,0.3297182813907663,0.014397987945879383,0.0162928571440312,3,0.9038669318398678,0.01016920139110255,0.011507534674769287,3
no_residual,test,interior,V,physical,3,1.0793215386569501,0.06109127971909792,0.06913129091028143,3,2.0665011381109557,0.19327629218140946,0.21871271386506264,3,0.939558909015649,0.01008039156401383,0.011407036894719627,3
no_residual,test,interior,V,zscore,3,0.12667553375164667,0.007170032359382478,0.00811365542106409,3,0.24253674919406573,0.022684044195883407,0.0256694124846932,3,0.9395589079791741,0.010080390957813141,0.01140703620873897,3
no_residual,train,airfoil,Cp,physical,3,0.08816972987701178,0.001402361587907271,0.0015869215269477298,3,0.20452794667540797,0.001022850287654271,0.0011574640622790437,3,0.9246174372663954,0.0012712362880140935,0.0014385392816535726,3
no_residual,train,airfoil,Cp,zscore,3,0.1234411778494528,0.0019633625078072092,0.0022217538299026496,3,0.28634737421857526,0.0014320308719782578,0.0016204954824720233,3,0.9246174375418702,0.0012712360623946333,0.001438539026341119,3
no_residual,train,airfoil,U,physical,3,0.3059965545016814,0.014410141838025397,0.01630661056771952,3,2.5532636134943894,0.0005969247046618869,0.0006754838922880574,3,nan,nan,nan,0
no_residual,train,airfoil,U,zscore,3,0.024407113346670683,0.001149392010832433,0.0013006595022426804,3,0.2036551816919978,4.761857124553808e-05,5.38854860569921e-05,3,-729644058553.2396,340805474.0574351,385657699.089182,3
no_residual,train,airfoil,V,physical,3,0.08805506464934389,0.0028042755382621607,0.0031733365043191807,3,0.30676990134313425,0.0009475252504414408,0.0010722257584764136,3,nan,nan,nan,0
no_residual,train,airfoil,V,zscore,3,0.0103346608221523,0.0003291256085327752,0.00037244068701985044,3,0.03600432265574202,0.0001112079072466954,0.00012584359376239325,3,nan,nan,nan,0
no_residual,train,farfield,Cp,physical,3,0.011267126063755349,0.0011941588837000544,0.0013513179878004425,3,0.016164996027788214,0.0013300202695708987,0.0015050596189022573,3,-2.42913103013856,0.7124656358702864,0.8062307642498129,3
no_residual,train,farfield,Cp,zscore,3,0.015774431097444284,0.001671870624683394,0.001891899712213923,3,0.022631646493785258,0.0018620822286004885,0.0021071444048339923,3,-2.429130989792818,0.7124656428408236,0.8062307721377181,3
no_residual,train,farfield,U,physical,3,0.27047246784319956,0.016472498728301754,0.01864038708702114,3,0.5145560878146275,0.009774817469516845,0.011061247254717814,3,-18.254819952572728,0.7703090391006645,0.8716867369245824,3
no_residual,train,farfield,U,zscore,3,0.021573611732954964,0.0013138880735571277,0.0014868043205883631,3,0.041042375893357075,0.0007796628511403603,0.0008822715716867549,3,-18.254830324027868,0.7703122179620528,0.8716903341448798,3
no_residual,train,farfield,V,physical,3,0.23943659439038623,0.013640632119750702,0.015435828347459258,3,0.36624111239550383,0.011432546381180051,0.012937144112166482,3,-8.512653645814888,0.7965906263343822,0.9014271525942528,3
no_residual,train,farfield,V,zscore,3,0.02810168767050067,0.0016009449517192477,0.0018116397577124452,3,0.04298421247288451,0.0013417908675143672,0.0015183793043689788,3,-8.512673237123247,0.7965921771440632,0.9014289075006109,3
no_residual,train,global,Cp,physical,3,0.05919100251345538,0.00013769266958976622,0.00015581392371205585,3,0.10218551657368202,0.00020620103992395446,0.00023333844277826073,3,0.9692566752519244,0.0003473686077789354,0.00039308458405002,3
no_residual,train,global,Cp,zscore,3,0.08286979114443195,0.00019277528444331142,0.00021814577023824696,3,0.1430638450493338,0.00028868951328677356,0.0003266829376883479,3,0.9692566753708715,0.00034736864079218063,0.0003930846214080238,3
no_residual,train,global,U,physical,3,1.970432015846069,0.015712268292724606,0.017780105363632982,3,2.9663983581822517,0.015179431962323516,0.01717714429400246,3,0.940372542102053,0.000569474769866373,0.0006444213668909392,3
no_residual,train,global,U,zscore,3,0.15716696131712768,0.0012532522692280052,0.0014181884486025443,3,0.23660791981380314,0.001210751579629493,0.0013700943908248708,3,0.9403725424374959,0.0005694744694424983,0.0006444210269293216,3
no_residual,train,global,V,physical,3,0.7096309999882623,0.0065976637348904785,0.007465959349388833,3,1.3793174904153516,0.007320899236883242,0.008284377364444345,3,0.9672497543209619,0.00027522746741723503,0.00031144919870737043,3
no_residual,train,global,V,zscore,3,0.08328647460992528,0.0007743406263782808,0.0008762489074045692,3,0.16188482675396731,0.000859224293275856,0.0009723038189534796,3,0.9672497538095334,0.0002752275890020903,0.0003114493362935863,3
no_residual,train,interior,Cp,physical,3,0.05914523666183375,0.00014119205737592609,0.00015977385377351891,3,0.09956742253732725,0.0002193411230061062,0.00024820784656738327,3,0.9703589285537889,0.00032505357965305657,0.0003678327525589376,3
no_residual,train,interior,Cp,zscore,3,0.08280571714154399,0.00019767456865422858,0.0002236898322319456,3,0.13939840789217947,0.00030708617555537095,0.0003475007207977599,3,0.9703589286393396,0.000325053647105817,0.00036783282888892165,3
no_residual,train,interior,U,physical,3,2.0160673790085823,0.01633455558934439,0.018484289730537742,3,2.986502630253732,0.01550109265982197,0.017541137638967832,3,0.9360958681623144,0.0006224494583569341,0.0007043678701850528,3
no_residual,train,interior,U,zscore,3,0.1608069608788618,0.001302887697608425,0.0014743562233586287,3,0.23821149052812704,0.0012364084143801728,0.001399127832506594,3,0.9360958685096619,0.000622449184726174,0.0007043675605426985,3
no_residual,train,interior,V,physical,3,0.7250831424104772,0.006704740370596293,0.00758712796930823,3,1.3968255601709159,0.007412084366318173,0.008387563052134027,3,0.967226157792362,0.00027477165209081504,0.0003109333951086081,3
no_residual,train,interior,V,zscore,3,0.08510002898095574,0.0007869078268247472,0.0008904700334635948,3,0.16393967700421022,0.000869926338262927,0.000984414322919643,3,0.9672261573619734,0.00027477178985203956,0.00031093355100010904,3
no_residual,val,airfoil,Cp,physical,3,0.09354082350769351,0.0016516820031013703,0.0018690541362482234,3,0.2105274760172794,0.0014275574748074948,0.0016154333570329883,3,0.9223720152358353,0.0011277226574960132,0.0012761383205580643,3
no_residual,val,airfoil,Cp,zscore,3,0.13096092551533745,0.002312421384656362,0.0026167511334659476,3,0.2947469568719688,0.0019986377164123627,0.0022616714862231046,3,0.9223720153490859,0.0011277224201581822,0.0012761380519850252,3
no_residual,val,airfoil,U,physical,3,0.30954716203624894,0.014190877321602385,0.016058489409661623,3,2.5535015086678063,0.0004958692314965444,0.0005611288592032702,3,nan,nan,nan,0
no_residual,val,airfoil,U,zscore,3,0.02469031909916695,0.00113190317218224,0.0012808690182657748,3,0.20367415734960384,3.955773081698152e-05,4.476378641000147e-05,3,-729780206313.0553,282879039.79810256,320107767.96005327,3
no_residual,val,airfoil,V,physical,3,0.08861261672156225,0.0015492299969158622,0.0017531187772817916,3,0.3071562210891343,0.0008504331812460903,0.0009623557391956314,3,nan,nan,nan,0
no_residual,val,airfoil,V,zscore,3,0.01040009841418419,0.0001818263162643177,0.00020575584637628523,3,0.03604966343817285,9.981266256872403e-05,0.00011294866050106876,3,nan,nan,nan,0
no_residual,val,farfield,Cp,physical,3,0.011333832433878624,0.0012325567261133943,0.001394769236921582,3,0.016233434261657093,0.0013782720503449184,0.0015596616489950252,3,-3.5866463821380865,1.149035113631291,1.300255635040182,3
no_residual,val,farfield,Cp,zscore,3,0.01586782266143201,0.0017256291582570418,0.001952733219720694,3,0.022727462733079695,0.0019296366257455775,0.0021835894016122457,3,-3.5866457745950684,1.1490349206103248,1.3002554166163964,3
no_residual,val,farfield,U,physical,3,0.2709407936365669,0.015839510133385075,0.01792409306110969,3,0.5152646520963082,0.009139298052229565,0.010342089333691566,3,-21.970276561901727,0.7525588390771206,0.8516004947115274,3
no_residual,val,farfield,U,zscore,3,0.02161096676073297,0.0012633991698248242,0.0014296707475529317,3,0.04109889292447058,0.0007289717991782681,0.0008249092463949491,3,-21.97028857656906,0.752564069404112,0.8516064133836925,3
no_residual,val,farfield,V,physical,3,0.24094343437475052,0.013441900697286293,0.015210942572556979,3,0.36781718397036967,0.011173307849502032,0.01264378809751117,3,-17.364300137459313,1.2855908697797493,1.4547830200807244,3
no_residual,val,farfield,V,zscore,3,0.028278539316979837,0.0015776205423802874,0.001785245703851791,3,0.043169189551868305,0.0013113650235832962,0.0014839492207684851,3,-17.36416581722438,1.2855822748762713,1.4547732940318443,3
no_residual,val,global,Cp,physical,3,0.0642782037590867,0.000468265480289129,0.0005298922741503906,3,0.10868090362657044,0.00043078525434907163,0.00048747940582026154,3,0.96728519156512,0.00035626389314354377,0.0004031505470335794,3
no_residual,val,global,Cp,zscore,3,0.08999207806430691,0.0006555908037875868,0.0007418708330082125,3,0.1521576487230456,0.0006031167714568707,0.0006824908754926685,3,0.9672851919134939,0.000356264031041508,0.00040315070307981584,3
no_residual,val,global,U,physical,3,2.0399505014849457,0.01228431765724051,0.013901014048188616,3,3.058559383904273,0.012236610172226228,0.01384702794673052,3,0.9368655561825046,0.0004828922912249129,0.0005464440688834653,3
no_residual,val,global,U,zscore,3,0.16271194324784777,0.0009798304902322392,0.0011087825786997411,3,0.24395893161655754,0.0009760247479766854,0.0011044759759209488,3,0.9368655563014682,0.00048289217885780087,0.0005464439417281078,3
no_residual,val,global,V,physical,3,0.7670797682971969,0.007113945374877775,0.008050187023284514,3,1.4658159596107536,0.00779132319728696,0.008816712188782124,3,0.9646151575709258,0.0002905454547058595,0.00032878313311305045,3
no_residual,val,global,V,zscore,3,0.09002900042866162,0.0008349345342905978,0.0009448173691316474,3,0.17203679649703163,0.000914436014696178,0.001034781763313393,3,0.9646151571905245,0.00029054563267609686,0.0003287833345053327,3
no_residual,val,interior,Cp,physical,3,0.06427601921989146,0.0004828555116593849,0.0005464024488870311,3,0.10614700484450836,0.00044190841280019607,0.0005000664445312128,3,0.968399867276617,0.0003390871246729387,0.0003837132037089684,3
no_residual,val,interior,Cp,zscore,3,0.08998901969649213,0.0006760169612857402,0.0007649852061671469,3,0.1486100882408883,0.0006186892478000632,0.0007001127913737035,3,0.9683998674343991,0.0003390870622145837,0.00038371313303068623,3
no_residual,val,interior,U,physical,3,2.087434084036806,0.012781429685779201,0.014463549264637277,3,3.0804176401559533,0.01247324315689016,0.014114803376824456,3,0.9323964657306355,0.0005236075356051197,0.0005925177051974115,3
no_residual,val,interior,U,zscore,3,0.16649936175634783,0.0010194812917793175,0.0011536516845554495,3,0.2457024048092545,0.0009948993319602046,0.0011258345783626538,3,0.9323964660507803,0.0005236072679894114,0.0005925174023617292,3
no_residual,val,interior,V,physical,3,0.7840780777266638,0.007237966521945543,0.008190530162868288,3,1.4845515819153974,0.007888341127301173,0.00892649831168158,3,0.9645884813151958,0.00029027861409047106,0.00032848117453084495,3
no_residual,val,interior,V,zscore,3,0.0920240219383569,0.0008494902208014462,0.0009612886790011924,3,0.17423571979610064,0.0009258226498987197,0.0010476669540361219,3,0.964588480869895,0.0002902787400302176,0.0003284813170450842,3
no_weighted_loss,test,airfoil,Cp,physical,3,0.1517733337745691,0.0033525467341968,0.0037937637685402734,3,0.29120563017204404,0.004270166167060273,0.004832147908631896,3,0.8251173228809104,0.02246993245992208,0.0254271222466411,3
no_weighted_loss,test,airfoil,Cp,zscore,3,0.21248878871556368,0.0046936993580867755,0.0053114208322576845,3,0.4076996261253953,0.0059784057319392766,0.006765202950973488,3,0.825117330672307,0.022469930185626874,0.025427119673033797,3
no_weighted_loss,test,airfoil,U,physical,3,0.44502330003306273,0.016988959304278427,0.019224817246050425,3,0.6482350767900547,0.02333915974539259,0.026410745516857695,3,nan,nan,nan,0
no_weighted_loss,test,airfoil,U,zscore,3,0.03549626239109784,0.0013550862347182085,0.0015334244286838395,3,0.051704980456270276,0.0018615950923778625,0.0021065931583046323,3,-67407248769.84443,8165539999.012919,9240178364.35718,3
no_weighted_loss,test,airfoil,V,physical,3,0.2075577491428703,0.03114247018423768,0.03524102254643506,3,0.39001281644838554,0.08229739178451533,0.09312826574877228,3,nan,nan,nan,0
no_weighted_loss,test,airfoil,V,zscore,3,0.02436020117602311,0.0036550641023696873,0.004136094397080615,3,0.045774201781023295,0.009658907100408664,0.010930082324417119,3,nan,nan,nan,0
no_weighted_loss,test,farfield,Cp,physical,3,0.013320793326905306,0.0016139409207012697,0.0018263460810451397,3,0.019324861987843178,0.002952006914509549,0.0033405102940137804,3,-1.7046758098409118,0.587217107365775,0.6644987118203519,3
no_weighted_loss,test,farfield,Cp,zscore,3,0.01864964800188318,0.002259582328964546,0.0025569581131322525,3,0.02705558637389913,0.0041329284226273135,0.004676848781196856,3,-1.7046755773644087,0.587217096712989,0.6644986997655897,3
no_weighted_loss,test,farfield,U,physical,3,0.3484870629074673,0.01662858989347301,0.018817020868431445,3,0.40127561461801325,0.011415922439947192,0.012918332351752746,3,-4.7515884350982,0.809339328408469,0.9158536670798658,3
no_weighted_loss,test,farfield,U,zscore,3,0.027796288278962796,0.001326347775647158,0.0015009038008055382,3,0.032006845173115535,0.000910570332410199,0.001030407332004906,3,-4.7516003186698725,0.8093433433841756,0.9158582104525835,3
no_weighted_loss,test,farfield,V,physical,3,0.39772984289253754,0.04694987959909256,0.05312879022491496,3,0.4662550677545369,0.05760656168867241,0.06518796124016585,3,-6.523687924883963,1.8645325938689894,2.1099172541668607,3
no_weighted_loss,test,farfield,V,zscore,3,0.04667990899373157,0.0055103147357078545,0.006235508124121763,3,0.05472243308710555,0.00676104587043221,0.007650843640462991,3,-6.523697498814243,1.8645358050628371,2.10992088797478,3
no_weighted_loss,test,global,Cp,physical,3,0.10167667645728216,0.006183215747543104,0.006996967301551027,3,0.18671669692266732,0.016942575999871857,0.01917232959601175,3,0.9098842024449114,0.007146215081579648,0.008086703634032468,3
no_weighted_loss,test,global,Cp,zscore,3,0.14235144852039716,0.008656751596990067,0.00979603661506668,3,0.261410906088228,0.023720291497811127,0.026842036695774587,3,0.9098842043959388,0.007146215794016974,0.008086704440231197,3
no_weighted_loss,test,global,U,physical,3,2.6319883073369663,0.12927611499023686,0.14628969558722846,3,3.9060566822687783,0.2609482455156743,0.29529073799434885,3,0.9138891450094486,0.013522401134168431,0.0153020373924084,3
no_weighted_loss,test,global,U,zscore,3,0.20993447438813748,0.010311411007125194,0.011668460004549658,3,0.3115575964873036,0.020813935445107807,0.023553185214971833,3,0.913889144386451,0.013522402159299462,0.015302038552453366,3
no_weighted_loss,test,global,V,physical,3,1.0232004093006253,0.11469611994018783,0.1297908780160472,3,1.9898620270192622,0.37284779231066595,0.42191699558434853,3,0.9344184408655339,0.021721082835565557,0.02457971912351971,3
no_weighted_loss,test,global,V,zscore,3,0.1200888274392734,0.013461412586551404,0.015233022353815417,3,0.23354193332294623,0.04375961469288001,0.049518665632234414,3,0.9344184384442119,0.021721084100900366,0.02457972055538084,3
no_weighted_loss,test,interior,Cp,physical,3,0.1016516231892941,0.00635332627511586,0.007189465484967822,3,0.18470442010244978,0.01733768548174921,0.019619438064825426,3,0.9117941112582607,0.00699165954186564,0.007911807576413552,3
no_weighted_loss,test,interior,Cp,zscore,3,0.14231637195528796,0.00889491272009413,0.010065541296594562,3,0.25859363766697546,0.024273457862214003,0.027468003364588097,3,0.9117941107666105,0.0069916590316204666,0.007911806999016783,3
no_weighted_loss,test,interior,U,physical,3,2.692326861123244,0.13264102278017773,0.15009744720713689,3,3.9574696461359657,0.264560880847714,0.2993788197179655,3,0.9094835621817287,0.013918096508856986,0.015749808861351713,3
no_weighted_loss,test,interior,U,zscore,3,0.21474724120150013,0.010579803767820216,0.01197217500451586,3,0.3156584332386652,0.021102087731935556,0.023879260223692342,3,0.9094835621803731,0.013918095915857697,0.015749808190309845,3
no_weighted_loss,test,interior,V,physical,3,1.043526915895442,0.11747727843068832,0.13293805511822016,3,2.0153066364427406,0.3780503572841183,0.42780425206863104,3,0.9340119110121062,0.021835982114843232,0.024709739897968208,3
no_weighted_loss,test,interior,V,zscore,3,0.12247446593052397,0.013787825693204643,0.015602393556002224,3,0.23652826255808276,0.044370220470014834,0.050209631115437574,3,0.9340119085635982,0.02183598345639334,0.024709741416075064,3
no_weighted_loss,train,airfoil,Cp,physical,3,0.08785189041776571,0.0017330699694029757,0.0019611532901841586,3,0.16801178736968,0.0033569935460726324,0.003798795809886027,3,0.9455757499130222,0.002440038400021315,0.002761163381087247,3
no_weighted_loss,train,airfoil,Cp,zscore,3,0.12299618943708991,0.0024263676531224554,0.0027456934746591705,3,0.23522327723669148,0.004699926472136354,0.00531846747516437,3,0.9455757509861172,0.0024400384074971396,0.0027611633895469386,3
no_weighted_loss,train,airfoil,U,physical,3,0.2828875235900082,0.029964935626377746,0.033908516754272436,3,0.3974495121652179,0.03748834084560168,0.042422051210213925,3,nan,nan,nan,0
no_weighted_loss,train,airfoil,U,zscore,3,0.02256387989085488,0.0023900852696443313,0.0027046360926780157,3,0.03170165062084073,0.0029901726196326266,0.003383698855061957,3,-18824157915.5901,3354096059.285839,3795516994.924423,3
no_weighted_loss,train,airfoil,V,physical,3,0.13271591671493949,0.011594151143210578,0.013120017115773357,3,0.21272551279417248,0.0073583386238494156,0.008326744019125046,3,nan,nan,nan,0
no_weighted_loss,train,airfoil,V,zscore,3,0.015576323091851252,0.001360758207701988,0.0015398428703367216,3,0.024966720206923854,0.0008636176255705671,0.000977275342456142,3,nan,nan,nan,0
no_weighted_loss,train,farfield,Cp,physical,3,0.008220862960691593,9.172615202826835e-05,0.00010379791238788857,3,0.010633896210720783,0.00021504231676254556,0.00024334328936123225,3,-0.016879320648898615,0.22918242771976524,0.2593443312215753,3
no_weighted_loss,train,farfield,Cp,zscore,3,0.011509539829865223,0.00012842031758506357,0.00014532126965722123,3,0.014887883572707367,0.00030106795225270277,0.000340690460023836,3,-0.016879313863586126,0.22918241857145452,0.25934432086928716,3
no_weighted_loss,train,farfield,U,physical,3,0.19100822570734147,0.029968169769717792,0.03391217653198727,3,0.23065417197476004,0.03716329530845972,0.042054227558613044,3,-2.2451223234489492,0.9158497056006634,1.0363815051689338,3
no_weighted_loss,train,farfield,U,zscore,3,0.015235343294802044,0.002390346920048406,0.002704932177983219,3,0.018397611023640865,0.002964248223119068,0.0033543626387428213,3,-2.2451297867645117,0.9158531280151462,1.0363853779955026,3
no_weighted_loss,train,farfield,V,physical,3,0.17560770955462948,0.012970843314946554,0.014677890963821667,3,0.2245506008818775,0.019988591840205096,0.02261922100414138,3,-2.247883816970173,0.6643152063928988,0.7517434239458957,3
no_weighted_loss,train,farfield,V,zscore,3,0.020610352941795657,0.0015223343270043225,0.0017226834616454047,3,0.026354578757742535,0.002345978860055045,0.002654724991677265,3,-2.247890308926152,0.6643170479136281,0.7517455078227738,3
no_weighted_loss,train,global,Cp,physical,3,0.054155235965397786,0.0005882831905873488,0.0006657050985528621,3,0.08460783715367075,0.0011048237459700568,0.0012502257628000898,3,0.9760004993133755,0.0006062597586464494,0.0006860475003125957,3
no_weighted_loss,train,global,Cp,zscore,3,0.07581951477661097,0.0008236203134593945,0.0009320141229842178,3,0.11845438462471386,0.0015467978052176872,0.0017503664932797338,3,0.9760004993650209,0.0006062597312662557,0.0006860474693289897,3
no_weighted_loss,train,global,U,physical,3,1.8215455900210202,0.03547002717085474,0.0401381142811024,3,2.651733703568788,0.04720457430328238,0.05341700441472427,3,0.9515484107921807,0.0016383994657441915,0.0018540235302715942,3
no_weighted_loss,train,global,U,zscore,3,0.1452913819503493,0.0028291846273107452,0.003201523792083419,3,0.2115094195946796,0.0037651635222862544,0.00426068361934446,3,0.9515484110122582,0.0016383993139673608,0.0018540233585199418,3
no_weighted_loss,train,global,V,physical,3,0.6316646878300803,0.010775148846504929,0.012193228770692297,3,1.0908947943863385,0.01763239247544421,0.0199529304226235,3,0.977718296383284,0.0005451158650248848,0.0006168566711668398,3
no_weighted_loss,train,global,V,zscore,3,0.07413588897351239,0.0012646350661828973,0.0014310692959391786,3,0.1280338405825773,0.002069441369939894,0.0023417933627336135,3,0.9777182958159804,0.0005451158716183873,0.0006168566786280902,3
no_weighted_loss,train,interior,Cp,physical,3,0.054007253215505945,0.0005991346221838656,0.000677984649381412,3,0.08240360448465028,0.001140828906931372,0.001290969437971623,3,0.9767306187178297,0.0006333376920319976,0.0007166890664859159,3
no_weighted_loss,train,interior,Cp,zscore,3,0.07561233299913654,0.0008388126163322338,0.0009492058320845761,3,0.1153683700987216,0.001597206575704952,0.001807409387012001,3,0.9767306187395727,0.0006333376547251112,0.0007166890242691997,3
no_weighted_loss,train,interior,U,physical,3,1.8643033118516392,0.03677945985271565,0.04161987685136425,3,2.68691740896394,0.047967703221562796,0.05428056608005963,3,0.9473737477508418,0.0017895538001946529,0.002025070761812533,3
no_weighted_loss,train,interior,U,zscore,3,0.14870185241953246,0.0029336286240783174,0.003319713300595456,3,0.2143157666147506,0.0038260326437458874,0.004329563514518168,3,0.9473737479680572,0.001789553562756657,0.002025070493126147,3
no_weighted_loss,train,interior,V,physical,3,0.6448270382169996,0.010988686622611255,0.012434869512025895,3,1.10499404915872,0.017868173089794687,0.02021974130490679,3,0.9776878337326832,0.0005453788287518987,0.0006171542426368537,3
no_weighted_loss,train,interior,V,zscore,3,0.07568069990255767,0.001289696902288416,0.0014594294332701172,3,0.12968861229944947,0.0020971139884101496,0.002373107878430662,3,0.9776878331915602,0.0005453788001409182,0.0006171542102604815,3
no_weighted_loss,val,airfoil,Cp,physical,3,0.09308556942430975,0.0011719156966382796,0.0013261474521264508,3,0.17973441287191128,0.0029907123579300185,0.0033843096264424876,3,0.9423173506931805,0.0021417689492289173,0.0024236397235834228,3
no_weighted_loss,val,airfoil,Cp,zscore,3,0.13032355136873555,0.0016407291581526282,0.0018566598254083086,3,0.2516354266723589,0.004187117779427726,0.004738169811079281,3,0.9423173511336654,0.0021417688139345114,0.00242363957048339,3
no_weighted_loss,val,airfoil,U,physical,3,0.2819476313180328,0.02733061477953536,0.0309275020881621,3,0.398173162730594,0.0342518759437357,0.038759646400876334,3,nan,nan,nan,0
no_weighted_loss,val,airfoil,U,zscore,3,0.022488911123522626,0.002179964291002859,0.0024668618216591737,3,0.031759370391844864,0.0027320230700403577,0.003091575139643334,3,-18995214609.299088,2937816671.7810025,3324452522.713763,3
no_weighted_loss,val,airfoil,V,physical,3,0.13643664193113944,0.011823985590927184,0.013380099277079489,3,0.2181368801123451,0.010197596844625139,0.01153966715532994,3,nan,nan,nan,0
no_weighted_loss,val,airfoil,V,zscore,3,0.016013009368146966,0.0013877329373969717,0.0015703676505401253,3,0.025601830119706192,0.0011968497208092836,0.001354362956637986,3,nan,nan,nan,0
no_weighted_loss,val,farfield,Cp,physical,3,0.008280342350220132,3.168971463289502e-05,3.586028793673495e-05,3,0.010731285713525218,0.000305629788383838,0.0003458526635677234,3,-0.3397702682247809,0.372854208896588,0.4219242566348629,3
no_weighted_loss,val,farfield,Cp,zscore,3,0.011592813442030581,4.436686940731741e-05,5.020583903101473e-05,3,0.015024232818699627,0.0004278940135098751,0.00048420765881372927,3,-0.33977013621298896,0.3728541639276892,0.4219242057477635,3
no_weighted_loss,val,farfield,U,physical,3,0.19165269784610853,0.029434239297461494,0.033307977324291256,3,0.23201994945174217,0.03663292456792101,0.04145405656656521,3,-2.8817018354526005,1.0642691471608732,1.2043339140629454,3
no_weighted_loss,val,farfield,U,zscore,3,0.015286748421149647,0.002347759605572507,0.0026567400949288407,3,0.01850654947285666,0.002921944670916299,0.003306491662929007,3,-2.881711130436192,1.0642733364640997,1.2043386547058226,3
no_weighted_loss,val,farfield,V,physical,3,0.17582186835920446,0.01297763297859662,0.01468557419152837,3,0.22520367791945525,0.020576286719270132,0.023284260365535325,3,-5.199095441170801,1.5939878433017258,1.8037670484138753,3
no_weighted_loss,val,farfield,V,zscore,3,0.02063548800668766,0.0015231312624229946,0.001723585278967259,3,0.026431227803871193,0.0024149541888763377,0.002732777924015601,3,-5.199051717076287,1.5939738920998492,1.8037512611427635,3
no_weighted_loss,val,global,Cp,physical,3,0.0591567808198315,0.0007476598180048857,0.0008460567304872794,3,0.09208517810953758,0.0012189529473404215,0.001379375112061901,3,0.9743119308932343,0.0007380030794396316,0.0008351291020913985,3
no_weighted_loss,val,global,Cp,zscore,3,0.08282187933562905,0.0010467538135152394,0.00118451344817625,3,0.12892296353033056,0.0017065835767117632,0.0019311811153218965,3,0.9743119312618399,0.0007380031153372652,0.0008351291427133949,3
no_weighted_loss,val,global,U,physical,3,1.8971314048155759,0.02673498343967357,0.030253481775924417,3,2.760664392247291,0.03333723539615633,0.03772463318681721,3,0.9473675466641422,0.0010718855372969251,0.001212952670857739,3
no_weighted_loss,val,global,U,zscore,3,0.151320309981371,0.0021324540014570318,0.0024130988678803954,3,0.220198024967123,0.0026590674430558153,0.003009018075921624,3,0.9473675467047459,0.0010718854233742277,0.0012129525419420709,3
no_weighted_loss,val,global,V,physical,3,0.6878751546785397,0.009283089668612902,0.010504804865406782,3,1.1790820051067816,0.02017538536247493,0.022830597773257497,3,0.9749516078788673,0.0006724490338865114,0.0007609477162321351,3
no_weighted_loss,val,global,V,zscore,3,0.08073308051088508,0.0010895179604976846,0.0012329056360493296,3,0.13838401126827063,0.0023679020320339296,0.0026795333961945242,3,0.9749516074339049,0.0006724489178035479,0.0007609475848718958,3
no_weighted_loss,val,interior,Cp,physical,3,0.059052539556429744,0.0007715043896251692,0.0008730394033808959,3,0.08977345645587931,0.0013218358617092657,0.0014957980895413973,3,0.9750874436955108,0.0007696473950419999,0.0008709380161888421,3
no_weighted_loss,val,interior,Cp,zscore,3,0.08267593735211194,0.0010801373870737703,0.0012222905179300877,3,0.1256864597609558,0.0018506234308471913,0.0020941775544977793,3,0.975087443948314,0.000769647326872295,0.000870937939047559,3
no_weighted_loss,val,interior,U,physical,3,1.9419765685391486,0.027754238450303403,0.03140687739925403,3,2.7973568859526297,0.03389646151552637,0.03835745711390728,3,0.9429498723135382,0.001179827596955359,0.0013351006101710709,3
no_weighted_loss,val,interior,U,zscore,3,0.15489728029931352,0.0022137528489785683,0.0025050971744230714,3,0.2231247171734955,0.0027036720300124637,0.0030594929176831894,3,0.9429498724772993,0.001179827330198285,0.0013351003083070243,3
no_weighted_loss,val,interior,V,physical,3,0.7025047593786266,0.009487783794448458,0.010736438074366061,3,1.1943884999225511,0.020457692931901625,0.02315005886161493,3,0.9749200086671529,0.0006741263377459047,0.0007628457642282128,3
no_weighted_loss,val,interior,V,zscore,3,0.08245009708782926,0.0011135420866826165,0.001260091494060365,3,0.1401804718500923,0.002401035046405297,0.0027170269315366143,3,0.9749200080699527,0.0006741261570138448,0.000762845559710634,3
